5d_close_pct,ma14,rsi14,ma30,rsi30,ma50,rsi50,ma200,rsi200,Adj_Volume_1d_change,Adj_Volume_1d_change_SMA
0.035825675,0.968528749,62.34014854,0.974602448,57.36621946,0.962543699,55.58985537,0.927257066,53.8812672,-0.088227617,0.230789667
0.023607665,0.976394416,58.95218922,0.982193675,56.02435666,0.969647593,54.8376631,0.934388478,53.70384,0.508922607,0.184809043
0.021769307,0.978693917,58.89877484,0.983341345,56.00335826,0.970639057,54.82593331,0.935154001,53.70108616,-0.427839615,0.180154689
-0.000837229,0.98476421,57.56793525,0.986734917,55.49358461,0.974122495,54.54387864,0.938140423,53.6355975,0.263512767,0.017935461
0.011769915,0.975772453,62.44291942,0.974841297,57.62222347,0.962364757,55.78209517,0.926569136,53.93675366,-0.069110314,0.037451565
0.005036667,0.977357035,62.85688011,0.974334527,57.81025321,0.962740355,55.89253031,0.926184734,53.9638244,-0.049713373,0.045154414
0.015983489,0.976511531,64.34122582,0.970974678,58.47859764,0.960290713,56.28323423,0.923116153,54.05898123,0.340189873,0.011407868
0.03592435,0.963292144,70.3990689,0.953866636,61.48032067,0.94360736,58.08480895,0.906312251,54.50836813,1.413961039,0.379767998
0.015678443,0.988232898,58.18417621,0.976108519,56.62128533,0.965760288,55.41104542,0.92750152,53.90032198,-0.195237513,0.288017943
0.002441057,0.991104189,58.19518651,0.976819263,56.62628371,0.966953949,55.4139973,0.928162999,53.90105044,-0.445360277,0.21276795
-0.000246155,0.995045136,57.42022262,0.978824503,56.30682824,0.969481372,55.23639698,0.930236298,53.8603379,0.092453089,0.241201242
0.006288026,0.987584432,61.34466499,0.969587738,58.04037877,0.960501315,56.2493108,0.921082451,54.1069669,-0.096915747,0.153780118
0.000488762,0.976913857,65.7344711,0.957955259,60.15137832,0.949681231,57.51544887,0.909390212,54.42299166,0.063168124,-0.116378465
0.024415708,0.978208757,66.17059139,0.958484888,60.36880275,0.950197959,57.64728748,0.908925541,54.45621717,-0.179028467,-0.113136656
0.024042246,0.980648588,65.95818822,0.959967772,60.28885356,0.952376347,57.60443261,0.910028379,54.44684513,-0.020757118,-0.028216024
0.038242684,0.972113197,69.82333834,0.949915876,62.2072895,0.942806289,58.76345543,0.899789202,54.7369281,0.833022009,0.11989776
0.028885832,0.974114912,70.29308276,0.950535779,62.44996955,0.943075933,58.91168316,0.899165697,54.77435907,-0.326716881,0.073937534
0.006722997,0.985298657,64.65309136,0.960364975,60.3633807,0.952522852,57.80830249,0.907431348,54.53848453,-0.43294288,-0.025284667
0.004467896,0.98829083,64.1002151,0.963500927,60.15583031,0.955276811,57.69823013,0.90905542,54.51493327,0.674132529,0.145347532
0.004004651,0.991118916,63.53704842,0.967307742,59.9505944,0.957793473,57.59053411,0.910542246,54.49217136,-0.288160266,0.091866902
0.001691036,0.983746795,67.41913845,0.960772748,61.65490813,0.949785719,58.58392671,0.902221269,54.73139718,0.409484857,0.007159472
0.018747165,0.968141161,73.19796108,0.946264553,64.58659433,0.934322452,60.36540106,0.88652576,55.17672062,0.357123117,0.143927471
0.016606538,0.98139333,66.10530908,0.958905146,61.83929297,0.945756933,58.91293476,0.896403903,54.87198943,-0.28768518,0.172979011
0.011856219,0.989637741,62.64589848,0.967311473,60.43204832,0.952609444,58.15730116,0.901967353,54.71128421,-0.218696398,-0.005586774
0.004382055,1.000156924,57.82296024,0.977830704,58.39742975,0.961718474,57.05218549,0.910088765,54.47397958,0.321441639,0.116333607
-0.006882336,1.003012297,57.06457056,0.98144891,58.07321191,0.96399325,56.87540918,0.91203969,54.43594189,-0.115810605,0.011274515
-0.029897861,1.008252787,54.1855704,0.988366141,56.84509227,0.969643693,56.20691639,0.917340362,54.29261624,0.08729351,-0.042691407
-0.010758843,0.999786084,58.37018156,0.981548248,58.52381014,0.961887798,57.15754578,0.90970967,54.51529116,-0.150705645,-0.0152955
0.000312386,0.995378089,60.74441195,0.977842602,59.52528137,0.957762071,57.73320153,0.90531641,54.6518141,-0.071216617,0.014200456
0.007888728,0.996320597,60.30657986,0.980247129,59.35004518,0.959608571,57.6397848,0.906615916,54.6323333,-0.141579188,-0.078403709
0.003038097,1.002194226,56.27008108,0.987601598,57.72541685,0.966526874,56.77350148,0.912875973,54.45205862,-0.319332199,-0.119108028
-0.003718149,1.013514725,49.50990387,1.000421313,54.78660488,0.978863812,55.17076643,0.9243196,54.11212222,1.07295735,0.07802474
-0.008348415,1.008775628,51.91194676,0.997177045,55.68761861,0.975345945,55.66385647,0.920771511,54.22301055,-0.047780541,0.098609761
0.004523946,0.991499167,60.28606309,0.980845518,59.15324624,0.958975886,57.62144663,0.904629096,54.67604311,0.405065295,0.193866143
0.0113022,0.986465327,62.60989191,0.976658955,60.2198603,0.954401065,58.24490605,0.900000928,54.82495133,-0.31256689,0.159668603
0.027068722,0.977622524,65.93671693,0.96959311,61.81840456,0.94699377,59.19431695,0.892480408,55.05496154,0.350704687,0.29367598
0.041998359,0.976233203,66.8564947,0.968947153,62.27262302,0.946198266,59.46668573,0.890928194,55.12147209,-0.064486775,0.066187155
0.037188953,0.977917547,66.80254755,0.970357449,62.25134764,0.948081962,59.45543977,0.891816927,55.11919551,-0.429155048,-0.010087746
0.019189698,0.979180634,67.19038611,0.971448511,62.43196603,0.949179691,59.56159249,0.89173803,55.14452316,0.163239805,-0.058452844
0.016225078,0.978662909,68.42876383,0.970564117,63.00289507,0.948725024,59.89562964,0.889757102,55.22369851,0.421582031,0.08837694
0.005584617,0.982661384,67.38228303,0.973911117,62.62671533,0.952204001,59.7033549,0.891563626,55.18629335,0.139314419,0.046098886
0.013186964,0.975564073,71.40301071,0.966179202,64.49872957,0.944726864,60.79957779,0.883263569,55.44522449,-0.152004824,0.028595277
0.008935951,0.981955816,67.63133512,0.971928333,63.12462267,0.950942574,60.09873626,0.887736409,55.31029499,0.171359499,0.148698186
0.00569837,0.986222106,65.71398114,0.975561709,62.41903386,0.955432067,59.73833333,0.890384727,55.2409966,-0.291914532,0.057667319
0.005895447,0.985685251,67.2346335,0.97391165,63.06819509,0.954512586,60.10939273,0.888169066,55.32650719,0.239691384,0.021289189
0.003229692,0.992789596,63.72711033,0.978766367,61.79573219,0.960298119,59.46497774,0.892344897,55.20436418,0.731899592,0.139806224
-0.007400563,0.996179019,63.32501753,0.980221322,61.65030287,0.962715468,59.39154653,0.893369088,55.1905242,-0.601996406,0.049807907
-0.007720155,1.002127252,59.1044727,0.985885922,60.11235396,0.96903933,58.6153599,0.898036304,55.0447715,-0.324438202,-0.049351633
0.007811124,0.990720129,66.16975193,0.974428813,62.89828404,0.957973552,60.16121163,0.886745449,55.38929146,0.756905257,0.160412325
-0.001326949,0.997250706,61.22555541,0.981499622,60.98575407,0.965158997,59.18213209,0.892469278,55.20474221,-0.019017835,0.108670481
-0.008518235,1.008189431,53.08108681,0.993198054,57.53490357,0.977212408,57.36565742,0.902972793,54.85449263,-0.138635189,-0.065436475
-0.008322035,1.008243609,52.9186296,0.993580892,57.46282209,0.978864096,57.32718151,0.903751583,54.84699806,-0.024007202,0.050161366
0.018037383,0.987941939,63.83185229,0.973507523,61.97445588,0.95973401,59.84319483,0.885018338,55.40754974,0.397868197,0.194622646
-0.000697227,0.993820967,60.16074597,0.979824983,60.35562558,0.966548548,58.97582423,0.890168619,55.23907009,-0.141872571,0.01486708
0.031868278,0.970622375,69.67904618,0.956674806,65.13115728,0.943460659,61.83659651,0.867636335,55.92180416,0.997949419,0.218260531
0.041352252,0.974262669,68.37020226,0.960795454,64.53283896,0.947236284,61.51094145,0.869987391,55.85809474,-0.265951078,0.192797353
0.049014868,0.969926611,70.56037642,0.956647233,65.73054439,0.942545096,62.25687491,0.864577779,56.04319267,0.028662977,0.203331389
0.037342537,0.963265171,73.49611195,0.949388733,67.42107864,0.934595795,63.33393866,0.856405604,56.31664637,-0.059862944,0.111785161
0.049532831,0.960708721,75.15487431,0.946001312,68.42289016,0.930953865,63.98590267,0.851787964,56.48578366,-0.209096386,0.098340398
0.030204369,0.95772855,77.02431784,0.941689621,69.59067807,0.926287906,64.75783727,0.846169643,56.68924445,0.170310001,-0.067187486
0.025431673,0.96804069,72.04591744,0.950851069,67.39206781,0.934801886,63.57214128,0.852639977,56.46298074,-0.151448096,-0.04428689
0.024312412,0.966952907,73.71465422,0.948644648,68.33594284,0.931529491,64.18248971,0.848373636,56.621686,-0.173569566,-0.084733398
0.021390483,0.963964058,75.70299767,0.94504742,69.49858461,0.926703375,64.94540186,0.842805185,56.8230459,0.210208817,-0.030719046
0.035382418,0.950863884,80.0554056,0.929911492,72.31554408,0.910856076,66.87409363,0.826988435,57.35598466,1.010122699,0.213124771
0.029318813,0.955981504,80.40686028,0.931691012,72.55931535,0.91175888,67.04612275,0.826351793,57.40511654,-0.066648863,0.165732998
0.037243396,0.96189261,80.62504466,0.933919418,72.70684445,0.91314819,67.14942393,0.826367573,57.4343645,-0.418393624,0.112343893
0.031607832,0.966942634,80.74193769,0.936585004,72.78345889,0.915010577,67.20252275,0.826842064,57.44922707,-0.063532223,0.134351361
0.011040168,0.984254869,70.40920501,0.951218226,68.30347827,0.928858699,64.78889915,0.838184835,56.99745379,0.117673546,0.115844307
-0.032301043,1.009623236,56.0454909,0.976136343,61.07189394,0.95308139,60.65508924,0.859133994,56.1718768,0.145907473,-0.056998738
-0.021420138,0.999285961,60.74563074,0.965849019,63.26469067,0.942875973,62.00333807,0.848846912,56.51686219,-0.12914567,-0.069498099
-0.018310259,0.997565956,62.18406627,0.964251422,63.9584132,0.940888751,62.43718555,0.846037164,56.63018982,-0.27445835,-0.040711045
-0.020502558,1.000939113,61.22926003,0.968020172,63.46846238,0.94413395,62.15104254,0.848245416,56.57163539,0.257071316,0.023409663
-0.02277363,1.016128462,53.47959468,0.984337889,59.3470042,0.959858157,59.70427237,0.861657212,56.06110183,0.616451494,0.123165253
0.035530439,0.984034333,64.65783758,0.954199395,64.82937129,0.929897357,63.14019604,0.833520549,56.96678864,0.63470403,0.220924564
-0.003509111,1.010085595,54.19001716,0.980802427,58.71476652,0.955809609,59.28933999,0.855672243,56.09925734,0.33843319,0.314440336
-0.007310979,1.009976901,54.32705585,0.982554286,58.78397358,0.957404622,59.33289448,0.855958407,56.11081746,-0.620609095,0.245210187
0.014935514,0.990752348,60.30526615,0.965467252,61.87471406,0.940466965,61.30756806,0.83930271,56.64717604,0.039751484,0.201746221
0.032335708,0.98862927,60.88392599,0.966452811,62.18259487,0.940816039,61.50772506,0.83826146,56.70298499,-0.250171858,0.02842155
0.017577269,0.97051544,65.91908213,0.950752968,64.93900322,0.924982148,63.32936936,0.822642258,57.22381018,0.350564175,-0.028406421
0.044727809,0.970854482,66.14145819,0.953302264,65.06380709,0.926746053,63.41307741,0.82264986,57.24829753,-0.090073625,-0.114107784
0.05019187,0.966972114,67.53776955,0.951849805,65.83393788,0.924341674,63.92740828,0.818739813,57.39833016,-0.109319408,-0.011849846
0.025352849,0.972548851,65.75226164,0.958977963,64.92862079,0.930509378,63.37158392,0.82261346,57.27481357,-0.261838799,-0.072167903
0.026786375,0.973221063,66.71790856,0.958899447,65.42978974,0.93018734,63.69978619,0.820858259,57.36877266,0.01239417,-0.019654698
0.007145352,0.976007177,66.8517307,0.961915832,65.4976007,0.932391839,63.74385943,0.821636093,57.38129622,0.10535391,-0.068696751
0.009807515,0.975724869,67.91436152,0.961267958,66.02489319,0.931667359,64.08418537,0.819809755,57.47731747,-0.112939708,-0.073269967
-0.00107993,0.98374743,64.67424973,0.968939376,64.5440665,0.938848384,63.20563719,0.825134612,57.2890661,0.141387497,-0.023128586
-0.019776828,1.008422903,53.07169863,0.992602005,58.74451327,0.9619626,59.65471728,0.844811441,56.49773714,0.637778291,0.156794832
-0.065100443,1.050437076,38.83874635,1.037065399,49.93952305,1.006136108,53.80415243,0.883530319,55.04820317,0.165569144,0.187429827
-0.087611225,1.072806357,33.70517205,1.061130465,46.16466095,1.03108507,51.1069502,0.905693595,54.30969006,0.040758676,0.17451078
-0.088138677,1.066749284,34.85259502,1.056775305,46.68054576,1.028611497,51.41446479,0.90379172,54.38578911,-0.034974796,0.190103762
-0.13318482,1.11926801,26.02517674,1.114536457,39.54660926,1.087201073,46.03773838,0.956376358,52.77811736,0.2514063,0.212107523
-0.0972119,1.091500031,31.99383365,1.091826018,42.47300665,1.067154003,47.82908668,0.939823779,53.2252592,0.28749398,0.142050661
-0.023622075,1.048136718,41.79106903,1.053220071,47.55972198,1.03137418,51.04147958,0.908691099,54.07188999,-0.308835632,0.047169706
-0.035056825,1.077013773,36.02091941,1.087950659,43.45554082,1.06863232,47.93197087,0.942276951,53.07501193,0.021143785,0.043246727
-0.006379135,1.035723074,43.59356368,1.050968695,47.67314412,1.035056472,50.69909085,0.913120163,53.84711779,-0.159075651,0.018426556
-0.000144448,1.077586104,36.50557535,1.100110524,42.65918244,1.087122202,46.83069482,0.960188388,52.52406408,0.142484978,-0.003357708
-0.03248834,1.081111388,34.77296172,1.111398122,41.37810379,1.102232707,45.81563159,0.974828133,52.15755571,0.188672306,-0.023122043
-0.123009056,1.134365258,28.62326583,1.177618623,36.59883914,1.17259901,41.91846445,1.039179015,50.66404078,0.07134901,0.052914886
-0.04675861,1.067555089,37.46864593,1.118688706,41.7666603,1.116626135,45.43599246,0.991297319,51.69649296,-0.207647433,0.007156642
-0.12355237,1.106161264,32.73948059,1.171468852,38.27363717,1.17351835,42.58744667,1.04421015,50.5458593,-0.002551392,0.038461494
-0.154560497,1.181130538,27.05481323,1.265823942,33.75880725,1.274301775,38.75493524,1.137415312,48.85645273,0.723415918,0.154647682
-0.062875246,1.069120285,38.87271062,1.152155047,41.18005078,1.164442651,44.06552182,1.041585213,50.57308067,-0.15823845,0.085265531
-0.117446298,1.1890221,31.35018768,1.292669771,35.51865602,1.312240633,39.28507958,1.178493613,48.33084254,0.215617128,0.114119154
-0.123207086,1.123698904,35.62911219,1.229704364,38.31679015,1.254999666,41.35574671,1.131049658,49.05491706,-0.13806465,0.128035711
-0.098860418,1.13672236,34.257858,1.249164738,37.31782164,1.28028361,40.51496727,1.159141638,48.64635604,0.118397961,0.152225582
0.000107953,1.101157938,36.27110295,1.216125238,38.58039187,1.251597816,41.4408951,1.138044156,48.97191015,-0.20398951,-0.033255504
-0.120286309,1.124687277,33.89874868,1.252879158,36.94670486,1.296212587,40.08965025,1.184455765,48.31862643,0.119005185,0.022193223
-0.017586202,1.120493412,33.14244067,1.256175226,36.42970329,1.306588362,39.6621213,1.200306689,48.10966085,0.009580347,-0.019014133
0.010688112,1.029349301,40.80713951,1.160653727,41.03010553,1.213560044,43.00463198,1.119979014,49.29732599,-0.133903815,-0.018181966
0.009558422,1.042056909,39.00539897,1.178206338,39.91219085,1.238691021,42.11395347,1.148927763,48.87667267,0.24639841,0.007418123
0.046101809,0.978969787,44.68453834,1.105904631,43.3592855,1.168793509,44.64016465,1.088717322,49.80611803,-0.152362606,0.017743504
0.039364966,1.018613405,41.14074578,1.146254917,41.25600322,1.21830435,42.99536997,1.140495907,49.03641936,-0.179828113,-0.042023155
0.08744657,0.97854977,44.39204786,1.099377074,43.2070073,1.174688811,44.42577158,1.104869915,49.57259405,-0.064624009,-0.056864026
0.028265184,0.962369342,45.79107442,1.074323953,44.04110133,1.153411296,45.03632749,1.090323852,49.80286024,0.110528466,-0.00797757
0.000435704,1.014018719,41.48936797,1.119878739,41.62124916,1.209149104,43.18374958,1.149571567,48.9433241,-0.20325627,-0.097908506
-0.039461023,0.99424748,42.92966619,1.09297539,42.43743944,1.18641967,43.77250319,1.134259342,49.16329315,0.085433904,-0.050349204
-0.015816168,1.017673177,41.15190117,1.105391281,41.46026063,1.205661808,43.03102437,1.159460742,48.81882,-0.089274951,-0.032238572
0.032172694,0.943773714,49.52415133,1.014183738,46.22446015,1.108669835,46.47220659,1.071081321,50.12508278,0.232530074,0.027192245
0.017737517,0.949795314,49.47139097,1.008980468,46.19738699,1.105046284,46.45227649,1.071893632,50.11613462,-0.026847757,-0.000283
0.09518195,0.936204876,51.62485729,0.983483293,47.43317117,1.078635956,47.34632104,1.05056346,50.46099512,-0.345439792,-0.028719705
0.080158917,0.944729433,51.58319758,0.98083967,47.41334742,1.074874277,47.33213142,1.051431001,50.45482654,0.339515049,0.022096524
0.107724067,0.950954609,51.95601784,0.974179798,47.61557826,1.067435136,47.47556084,1.048632662,50.50912034,-0.283667728,-0.016782031
0.069338013,0.917385446,57.04152616,0.928780292,50.43075011,1.018536723,49.4797085,1.003942774,51.275199,0.637073019,0.064126558
0.063201856,0.93201585,56.11619097,0.932506133,50.02842818,1.021376879,49.20259286,1.010968701,51.16006938,-0.333375422,0.002821025
0.04178132,0.93728815,56.12875598,0.929118089,50.03518832,1.018281372,49.20735167,1.011490177,51.16187616,0.370773748,0.146063733
0.060029718,0.930904726,58.26398069,0.912516817,51.1690009,0.998496168,50.00037765,0.99508221,51.46129923,-0.118246511,0.054511421
0.041919671,0.950584765,55.84185477,0.924518089,50.19392154,1.009221881,49.3497478,1.009714088,51.20022522,-0.308677767,0.049509413
-0.041944901,0.991961787,49.73129818,0.961783079,47.61763688,1.045605502,47.61456911,1.050850021,50.49363732,0.40677774,0.003450357
0.000882833,0.964376797,54.76392699,0.925990982,50.11806105,1.003199408,49.33082259,1.012791111,51.13350012,-0.067515308,0.05662238
0.010927041,0.963357692,56.07062785,0.918276315,50.7884977,0.989370704,49.79388626,1.003202446,51.30800181,-0.261232072,-0.069778784
-0.001876485,0.969549725,56.64456309,0.918680111,51.07795575,0.981370691,49.99233608,0.999466843,51.38225301,0.09356178,-0.027417125
0.007699291,0.978856299,55.81441468,0.924313735,50.75151224,0.981986383,49.78008961,1.00447985,51.29914369,0.181380675,0.070594563
0.016854154,1.012147511,50.50038016,0.957328096,48.60881714,1.00783264,48.38260272,1.036021331,50.74910978,0.826370344,0.154513084
0.066568143,0.936698903,61.73537211,0.884727551,54.32172164,0.922900916,52.29582878,0.952143376,52.22340367,0.342726146,0.236561375
0.059417627,0.940987537,62.11727601,0.88808251,54.5373489,0.917157381,52.44754883,0.949665177,52.28261173,-0.484652725,0.191877244
0.031897205,0.967771191,58.06081164,0.913093036,52.85945999,0.934581157,51.36401423,0.971492879,51.86273551,-0.124816446,0.148201599
0.04094868,0.966802901,58.61360895,0.915659018,53.14270227,0.92821164,51.5579698,0.968058979,51.93641481,-0.369659519,0.03799356
0.09445968,0.952939904,61.1921997,0.90521637,54.4674749,0.909189177,52.46344996,0.950121257,52.28003129,0.28760631,-0.069759247
0.002421434,0.960154501,60.63303968,0.912968808,54.24940308,0.911007303,52.32627729,0.953422806,52.22845392,-0.200020168,-0.17830851
0.01676697,0.948140094,63.04878463,0.903582648,55.47455915,0.894829968,53.15656953,0.937624021,52.5410732,-0.034035043,-0.088184973
0.050876038,0.944181783,64.52895945,0.899084307,56.24003255,0.886097805,53.67640191,0.928307301,52.73735345,0.087237374,-0.045774209
0.060994739,0.940974342,66.38266133,0.8937197,57.21270706,0.874861915,54.33733486,0.916529171,52.98713476,-0.018244014,0.024508892
0.01939188,0.966479157,61.29179016,0.917730736,55.33489532,0.892773716,53.19436744,0.935936312,52.57500188,0.036677058,-0.025676959
0.002155372,0.989812824,56.85407229,0.940613731,53.61445089,0.910709431,52.13674816,0.954969065,52.1894327,0.190164514,0.052359978
-0.009070492,0.987815364,57.89701302,0.940959041,54.08362823,0.904619504,52.44326498,0.949440408,52.3011223,-0.091854935,0.040796
-0.00814822,0.981477202,59.88048742,0.936072677,54.97830444,0.894795534,53.02623719,0.938802342,52.51286488,0.133224223,0.049993369
-0.013116304,0.980758013,61.34758981,0.934920582,55.64715414,0.888257671,53.4617543,0.931213957,52.67084091,0.133593299,0.080360832
-0.00056722,0.990125029,59.27146889,0.946890998,54.89675195,0.897532732,53.01564086,0.939165727,52.51467353,-0.329298849,0.00716565
0.045115128,0.968867456,63.55443342,0.92889403,56.83823472,0.877294827,54.27116793,0.916901855,52.96659539,0.211359463,0.01140464
0.036768727,0.975068178,63.05929929,0.935218537,56.66329271,0.881582234,54.16875875,0.919310325,52.93149287,-0.192567038,-0.008737781
0.029263055,0.975156395,63.87547687,0.935798369,57.03171478,0.881803243,54.40517647,0.915928263,53.01576543,-0.07606655,-0.050595935
0.026126525,0.973214486,64.92105737,0.935393094,57.49993413,0.879673562,54.7038525,0.911446248,53.12143592,0.562149664,0.035115338
0.033381842,0.977725707,64.6508877,0.939749897,57.41316641,0.885238954,54.65487352,0.912960277,53.10534285,-0.289437094,0.043087689
0.006443524,0.981597928,64.11310342,0.944884283,57.24590948,0.890745441,54.56157425,0.915132811,53.07509724,0.110023987,0.022820594
0.019029692,0.973585494,66.36960657,0.938907252,58.18967719,0.886026976,55.14677202,0.906204226,53.27542083,0.053284049,0.071990811
0.01530526,0.974226647,66.56960563,0.941644897,58.27385946,0.889698308,55.19878896,0.90629465,53.29312551,-0.320753698,0.023053382
0.01473231,0.97252569,67.7093519,0.940974285,58.74740567,0.890296369,55.48908576,0.902565951,53.39094845,-0.068357046,-0.10304796
0.0133565,0.979105697,66.70208658,0.948234387,58.46509508,0.897540947,55.33859576,0.905388327,53.34476549,0.183004863,-0.008559569
-0.00277805,0.999279281,58.99586584,0.968636519,56.18767697,0.91739487,54.11749457,0.922116528,52.96931275,-0.027044569,-0.03597328
0.004534293,0.984752691,63.65715837,0.955244364,57.93506887,0.905709359,55.15832514,0.906537328,53.30977357,0.580386925,0.069447295
0.009178563,0.982399347,64.99349866,0.953900196,58.46937568,0.90463107,55.47966913,0.902401982,53.41545764,-0.205525069,0.092493021
0.006773784,0.983487272,65.6781208,0.955406303,58.74245836,0.906822247,55.6430574,0.900788552,53.46877908,-0.007497491,0.104664932
0.017682787,0.97772195,67.79683426,0.952456741,59.60089342,0.903356489,56.15595866,0.894089332,53.63539264,-0.055377112,0.056988537
-0.008767605,1.021273158,50.94382817,0.996543251,53.83469518,0.947246725,53.04164049,0.934964104,52.69179733,0.484289402,0.159255331
-0.018819166,1.0132916,53.14489287,0.990332999,54.63147431,0.944258392,53.50336803,0.928528622,52.83812469,-0.222043102,-0.001230674
-0.018853104,1.007682631,54.69821164,0.987308507,55.19908916,0.943336443,53.83207473,0.924287104,52.94193046,-0.169266005,0.006021139
-0.003863414,0.991051146,59.46036972,0.972593767,57.02901437,0.931447756,54.90248262,0.908717656,53.28196856,0.005907838,0.008702204
-0.008301982,0.988596312,60.51490345,0.970904971,57.45313698,0.931263975,55.15278929,0.905822088,53.36187203,-0.001239885,0.01952965
0.022983073,1.001323868,55.77366661,0.98543684,55.72651089,0.946733477,54.22091434,0.91837901,53.08496966,0.138908853,-0.04954646
0.008294858,1.007474066,53.45253853,0.993289529,54.84891888,0.956088693,53.74403215,0.925340814,52.94286878,0.514084103,0.097678981
0.021059479,0.989814471,58.55131031,0.976997122,56.78144121,0.942304867,54.85606541,0.909565212,53.28780009,-0.442217339,0.043088714
0.012105339,0.982015288,60.91176245,0.969482983,57.73932088,0.937195473,55.41594974,0.902169578,53.46329905,0.282249847,0.098357116
-0.013658892,1.004372897,53.24344779,0.991987895,54.78930471,0.959995014,53.81656311,0.922660289,52.99339674,-0.163170163,0.06597106
0.004867083,0.998572039,54.88595983,0.988351514,55.42202206,0.956950129,54.17894881,0.918098934,53.10463957,-0.241643454,-0.010139401
-0.043589942,1.051664506,40.54181822,1.045475829,48.81285675,1.013667832,50.40453986,0.971556808,51.94908999,3.075465398,0.502136858
-0.036872864,1.022790939,47.10432247,1.020138064,51.45284918,0.990234807,51.91144347,0.948056435,52.40788582,-0.538365424,0.482907241
-0.031373333,1.005381105,50.64169604,1.005889751,52.96590813,0.977867044,52.79390063,0.93472452,52.68166616,-0.106225318,0.405212208
0.006491275,0.990669216,54.40794185,0.99074573,54.64328627,0.964813598,53.78648819,0.919929266,52.99339508,0.047063496,0.447258939
0.020005606,0.974615866,58.39494312,0.9732987,56.51420955,0.949359193,54.91458873,0.90326628,53.35356725,0.35645536,0.566878702
0.100628225,0.959059487,62.18449908,0.956074854,58.40296877,0.933591962,56.07872626,0.886255613,53.7326893,-0.218567584,-0.091927894
0.066384189,0.967405712,60.24965901,0.964034067,57.55630883,0.942552331,55.59913221,0.892886237,53.58937819,-0.052513867,0.005242418
0.060329272,0.961029743,62.03807208,0.957086128,58.43274571,0.937072647,56.13729901,0.885673001,53.76362863,-0.250165235,-0.023545566
0.053162298,0.955475775,63.96042891,0.949754375,59.38780417,0.931547403,56.72650087,0.877825005,53.95490421,0.317005603,0.030442856
0.046995404,0.948149881,66.43390906,0.939811743,60.65156974,0.921787643,57.51342279,0.867259566,54.21214524,-0.141457118,-0.06913964
0.008388595,0.967848826,60.54494947,0.958189801,58.18664439,0.940300767,56.14247085,0.883498291,53.81451413,0.19589064,0.013752005
0.020766176,0.965028262,61.72249331,0.954637305,58.74557198,0.937641746,56.48356965,0.879400777,53.92396917,-0.112818364,0.001691105
0.008832156,0.971524264,60.82095886,0.958780746,58.37331058,0.942659542,56.27759424,0.882667119,53.86480182,-0.185840244,0.014556104
-0.002462691,0.976261815,60.35344757,0.961686185,58.18547529,0.946069344,56.17465663,0.884778711,53.83556616,-0.146393348,-0.078123687
-0.014398889,0.982286155,60.67399907,0.962716176,58.32208658,0.947125842,56.25505271,0.884677638,53.86034914,0.293762272,0.008920191
0.034128397,0.96038326,67.55286523,0.936427877,61.49098642,0.921155003,58.16191238,0.859328884,54.45861288,-0.119600747,-0.054178086
0.023052785,0.971601071,65.47409353,0.943505642,60.68647309,0.928049366,57.72912432,0.864880755,54.33926229,-0.088841742,-0.049382762
0.031624104,0.971664123,66.71771463,0.940523605,61.27740405,0.924814412,58.08794438,0.861075997,54.45237928,-0.109292003,-0.034073114
0.001207956,1.004682948,55.18689111,0.97149388,56.54170986,0.956009368,55.49860951,0.88939987,53.73178659,0.385099257,0.072225407
-0.005696025,1.010777229,53.42152364,0.979344418,55.75035875,0.963542774,55.05399871,0.895490474,53.60520462,-0.118195223,-0.010166092
-0.022003474,0.998598416,57.09423614,0.968295785,57.28699503,0.952430749,55.9487806,0.884135106,53.87655266,-0.092903485,-0.004826639
-0.033594284,1.01572173,51.75504848,0.986735156,54.89133859,0.970497115,54.60124962,0.900271793,53.4945381,0.139581183,0.040857946
-0.026417846,1.002708496,55.22852614,0.975557977,56.34616012,0.959661965,55.44480943,0.889546307,53.74844755,-0.266386283,0.00943909
0.014254159,0.992993051,57.6834981,0.967994271,57.40938804,0.952523784,56.06806433,0.881995689,53.93756785,0.589433763,0.050305991
-0.013433149,1.02547564,48.0550979,1.002001225,52.88802513,0.985859643,53.47805253,0.912708288,53.19582876,1.537816991,0.381508434
-0.030514664,1.02722962,47.18207922,1.006814991,52.44818042,0.990335589,53.21983077,0.916711433,53.12025759,-0.502755062,0.299538118
-0.020184202,1.031712548,45.55744714,1.013791912,51.63840428,0.997509781,52.74612506,0.923345896,52.98237362,-0.181830175,0.235255847
-0.029156385,1.025943581,46.7656438,1.010163935,52.10658829,0.994385495,53.0073544,0.920524771,53.0573253,-0.217080512,0.245117001
-0.021724321,1.007749695,51.89998774,0.994406274,54.1571225,0.978423904,54.16223688,0.905573173,53.39084747,0.143200384,0.155870326
0.007002953,1.009054127,50.56366638,1.00004717,53.55359392,0.983790126,53.81882858,0.910408081,53.29401813,-0.167777578,-0.185248588
0.009482274,1.007278795,50.2355245,1.004073118,53.40855028,0.985654693,53.73692869,0.912149858,53.27114468,-0.258748827,-0.136447341
0.004914132,1.014287229,46.80024214,1.016990849,51.88184473,0.997109816,52.87459252,0.922927592,53.03089355,0.513579286,0.002634551
0.019031989,0.99586899,52.53326982,1.000947877,54.10754942,0.980308122,54.10707835,0.907384332,53.37747449,-0.276094926,-0.009168332
0.007774394,0.99008763,54.39844427,0.996378188,54.86864799,0.975246485,54.5347018,0.902505048,53.49901252,-0.005508173,-0.038910044
0.00417788,0.996819811,51.60877725,1.005106679,53.69200024,0.984238118,53.88031604,0.910525609,53.32056847,-0.019921386,-0.009338806
0.012974202,0.989780173,54.05938539,0.997775205,54.66345019,0.9777071,54.41938154,0.90439631,53.47122271,-0.088961808,0.024618598
0.050819288,0.966106553,61.25563094,0.9738279,57.78359223,0.954243772,56.19857353,0.882365583,53.97960277,0.419609805,0.005824702
0.02479366,0.973381636,58.46925811,0.981755274,56.6443308,0.962342609,55.57325663,0.889628168,53.81266827,0.073789555,0.075801598
0.039297118,0.95784434,63.52980827,0.963266402,59.01230725,0.944440923,56.95754825,0.872679938,54.21574827,-0.13422158,0.050058917
0.047147765,0.962465314,63.35112922,0.964455646,58.94072971,0.947053101,56.91865106,0.873958281,54.20552958,0.320521568,0.118147508
0.045447973,0.961688599,64.8508865,0.960160221,59.65388646,0.943502495,57.33745753,0.86960419,54.32740844,-0.264079453,0.083123979
0.032183178,0.954930421,67.90691115,0.949547605,61.16173297,0.933645873,58.2326879,0.859325388,54.58985772,-0.019034246,-0.004604831
0.064430517,0.938743543,72.64373191,0.930019317,63.75323125,0.914312371,59.82356397,0.840337016,55.06971137,1.075069583,0.195651174
0.033160996,0.953450272,68.22178591,0.941259126,62.00784633,0.92523763,58.89020851,0.849405894,54.83224663,-0.399287192,0.142638052
0.040531433,0.953318678,69.61397271,0.937487592,62.7452704,0.921585035,59.34259743,0.844797007,54.96864272,-0.284912281,0.021551282
0.027997353,0.965641262,66.75603098,0.944526934,61.62248689,0.929698733,58.74402806,0.850952316,54.81767604,0.178606477,0.110088468
0.03065665,0.957114746,70.16076164,0.931943092,63.37233716,0.917816929,59.81154928,0.838860985,55.13725797,-0.142684127,0.085358492
0.044558526,0.930737916,76.48568661,0.901091183,67.15099866,0.887467955,62.24281131,0.809543109,55.90176294,1.186208723,0.10758632
0.000607908,0.986406952,57.85836551,0.951993948,58.36596164,0.937744964,57.25774879,0.854152226,54.58331426,0.286822018,0.244808162
-0.035512398,1.019472907,50.56889657,0.982612707,54.32511362,0.968161751,54.79644503,0.881092794,53.88135701,-0.123591627,0.277072293
-0.065006506,1.056512317,43.52513378,1.019639465,50.04961233,1.006883846,52.07211163,0.915136141,53.06332121,-0.032551477,0.234840702
-0.065163,1.04049773,46.79850892,1.005005946,51.66377907,0.993445978,53.04910522,0.901958254,53.35525173,-0.27372668,0.208632191
-0.111413228,1.05258905,44.31894446,1.019009828,50.16078302,1.008649358,52.07816222,0.915237841,53.0579787,-0.158452678,-0.060300089
-0.06980626,1.056916281,43.12348624,1.025430359,49.43793382,1.016470016,51.60987225,0.922144234,52.91402643,-0.070191376,-0.131702768
-0.045775075,1.058157676,42.29602285,1.030601444,48.94651923,1.021654292,51.29290819,0.927028587,52.81703389,0.389305022,-0.029123438
0.007561053,1.036744921,46.49074449,1.014088585,50.86329645,1.004619837,52.42398948,0.911878848,53.14449498,-0.459868729,-0.114586888
-0.022711565,1.046297815,43.50711026,1.030388864,49.18971406,1.02021403,51.35791827,0.926455094,52.82174414,-0.039666696,-0.067774891
-0.025562733,1.057127362,40.46512817,1.047924483,47.43355639,1.037177318,50.22432783,0.942728047,52.47337715,0.80802603,0.12552085
-0.042665094,1.074046329,36.51881872,1.07264909,45.04595625,1.061941598,48.65174185,0.966622425,51.97892779,0.576084783,0.254776082
-0.052152955,1.07982134,34.41263585,1.086771912,43.71930832,1.075975347,47.76245058,0.981171136,51.69364204,-0.097500634,0.157414951
-0.049051572,1.04831323,39.71706113,1.063831652,46.04799264,1.053381413,49.1072435,0.961677778,52.06821221,-0.403423069,0.168704083
-0.067919207,1.070213743,34.59708606,1.100214264,42.92607721,1.089491044,47.00901317,0.996336279,51.38777027,0.111222386,0.198881899
-0.0431596,1.049708237,36.93558962,1.087821955,43.9755936,1.077855455,47.61901823,0.987184802,51.5577113,-0.084132959,0.020450101
-0.008290256,1.030835561,39.72684684,1.073778672,45.22867231,1.064667307,48.34870569,0.97640581,51.76154377,-0.122308405,-0.119228536
0.019942117,1.013804232,43.01319138,1.05829983,46.7201805,1.049563547,49.2219816,0.963678047,52.0070945,0.015102552,-0.096707899
0.004247149,1.004757769,44.24260427,1.051844891,47.27789227,1.042959837,49.54882289,0.959240859,52.09911608,0.033523909,-0.009318503
0.039882474,1.002099595,44.18401864,1.050095313,47.24869261,1.042026217,49.53025667,0.959920835,52.09338693,0.286271059,0.025691231
0.04571078,0.985743073,48.11236746,1.033086436,48.97930769,1.025374403,50.53436078,0.945961375,52.37283577,-0.196461734,0.003225476
0.011493556,1.005004827,43.35296597,1.053247933,46.68442801,1.047287459,49.09085175,0.967298383,51.93185972,-0.050541297,0.017578898
0.016569949,0.984030564,48.02118104,1.03182184,48.77745967,1.027713254,50.31181869,0.949976831,52.27234635,-0.308116072,-0.047064827
-0.010231784,1.002596683,43.51025727,1.051360638,46.56818475,1.049162505,48.91343725,0.971128575,51.84121431,0.208036293,-0.01216235
-0.004407725,0.995651538,44.93228274,1.042158385,47.19969907,1.042713916,49.28063191,0.96609413,51.94290138,0.383660331,0.007315504
-0.003004214,0.980905708,49.06302463,1.021482834,49.06270757,1.0250999,50.36952312,0.950722685,52.24604534,-0.277833167,-0.008958782
0.037682039,0.967156462,53.26286903,1.000604267,51.0502115,1.006392563,51.55020265,0.934265119,52.5804568,0.264227642,0.053995005
0.055137819,0.938472722,60.32224752,0.964385577,54.71293587,0.972547716,53.79748577,0.90258236,53.23987219,0.678820603,0.25138234
0.079978171,0.944174738,60.61570291,0.961530784,54.87294455,0.972084622,53.89743851,0.901831763,53.26978838,-0.294015611,0.15097196
0.07148041,0.952789577,59.9171651,0.961809461,54.580938,0.975494712,53.72384676,0.904641148,53.21969978,-0.150952088,0.044049476
0.04856307,0.963017161,58.32783244,0.963267707,53.92911394,0.981475068,53.33896357,0.90997096,53.10950613,-0.05920299,0.087775511
0.037902613,0.960472595,60.07780672,0.954438798,54.78625475,0.974618896,53.8565877,0.903506823,53.25876163,0.095610381,0.054052059
-0.022139995,0.987155994,52.7186845,0.976871818,51.71406034,0.999079475,52.03835764,0.926350402,52.73800198,-0.13043224,-0.10779851
-0.01020375,0.977644622,55.96978279,0.964154674,53.23260023,0.986168887,52.94568913,0.914225018,52.99654665,0.401425977,0.031289808
0.014423355,0.960542886,60.76934344,0.943746807,55.61813107,0.965791589,54.40001341,0.894703315,53.41965714,0.447612191,0.151002664
0.032909709,0.954901083,63.31892287,0.933277705,56.96275447,0.954604062,55.23591773,0.883820205,53.66784161,-0.494181227,0.064007016
0.04164064,0.946077985,66.32041991,0.92062814,58.6143793,0.940642759,56.27731446,0.870227785,53.98162052,0.001179864,0.045120913
0.035517559,0.981162324,57.02442843,0.950509453,54.60414233,0.97055713,53.90985336,0.897462691,53.31037082,0.172777269,0.105762815
0.030817269,0.978451866,58.88418892,0.943165207,55.54691301,0.962734408,54.49517673,0.889769993,53.48456244,-0.277005527,-0.029923486
-0.047408837,1.036789829,45.95489909,0.998123475,49.16966683,1.018266577,50.54123415,0.941909224,52.30066586,0.74403521,0.029361118
-0.030983549,1.008233487,51.90464914,0.970076684,52.14321513,0.988285925,52.38548728,0.91440888,52.84942803,0.22650197,0.173497757
-0.010330803,0.973559084,58.26469436,0.937927291,55.5971613,0.952558804,54.60563882,0.881409474,53.53991942,0.802656752,0.333793135
0.02526678,0.971155865,59.07259053,0.937171478,56.05197566,0.948344443,54.90305448,0.877400203,53.63450884,-0.557179759,0.187801729
0.029257999,0.962131105,61.17631336,0.928782958,57.22996511,0.93678218,55.67334737,0.866519009,53.87980222,-0.289318983,0.185339038
0.155579772,0.914705903,69.18482049,0.881906434,62.15652964,0.884626409,59.02621704,0.817541954,55.00305833,1.269725121,0.29047702
0.132071832,0.913959471,70.28193207,0.879998673,62.89137083,0.877612706,59.54512139,0.810606894,55.18535355,-0.442712568,0.156634112
0.088867711,0.924725069,69.83645952,0.887458119,62.68189406,0.880485422,59.41737854,0.812716989,55.14799699,-0.280094572,-0.059916152
0.084404614,0.932367453,69.96156015,0.89233608,62.76018217,0.881025738,59.4715094,0.81287306,55.16660679,0.867095241,0.224938848
0.055941042,0.951320468,65.83788531,0.909718107,60.90660564,0.894286893,58.35766789,0.824785941,54.84588565,-0.194947605,0.243813124
0.000790449,0.951889164,66.68640588,0.910139482,61.38007544,0.890474185,58.67457861,0.82112811,54.9515041,-0.25996002,-0.062123905
-0.011165988,0.95879956,65.86935943,0.917318122,61.0255196,0.893019268,58.46404296,0.824033776,54.89166477,-0.168477919,-0.007276975
0.007120427,0.950448249,68.63231191,0.908035867,62.52061768,0.879795732,59.45506427,0.811303022,55.21883688,0.123517413,0.073445422
0.007158988,0.956552094,68.79586739,0.91260142,62.60982683,0.881091733,59.51432587,0.811314931,55.23845425,-0.143760086,-0.128725643
0.01377671,0.973440208,66.19807699,0.924887299,61.5506599,0.889981247,58.90039374,0.8179094,55.06901224,-0.163106644,-0.122357451
-0.003771665,0.992736241,61.91933307,0.941447003,59.77313859,0.902950973,57.86535881,0.828632709,54.7820279,-0.056582528,-0.081681953
0.009037078,0.988400911,64.05363614,0.937063469,60.77276691,0.896389135,58.50010953,0.820987675,54.98314477,-9.95E-05,-0.048006261
-0.020245339,1.005641865,59.60147612,0.953375788,58.89893502,0.910385623,57.40794677,0.83222025,54.6806447,0.377399781,0.002770212
-0.02619458,1.014162384,57.87942649,0.961387701,58.16155618,0.917565781,56.97651682,0.837102649,54.56073266,-0.186466383,-0.005771047
0.001271522,0.993999486,62.66572351,0.945300738,60.28100676,0.901256065,58.29424773,0.820576156,54.96964483,0.24207723,0.075265728
0.013495031,0.993935901,62.69461487,0.948969554,60.29417512,0.90399596,58.30249503,0.821164992,54.97222212,-0.299599771,0.026662279
0.016177959,0.982295338,65.55197152,0.941133273,61.60483024,0.895773958,59.12344921,0.811412259,55.22854681,-0.245408163,-0.022399461
0.010377924,1.000273587,58.65696023,0.96217927,58.7460928,0.915887013,57.4778609,0.827170703,54.78190252,1.19188641,0.140497865
0.039246061,0.979746214,63.80516851,0.945155484,61.09142175,0.899060138,58.9420861,0.809067771,55.23873095,0.152137701,0.208218681
0.034622113,0.966892625,67.00391256,0.934823055,62.67815421,0.888474673,59.95915093,0.796762919,55.56488496,-0.212208835,0.117361468
0.032712986,0.971651915,66.33652644,0.940744358,62.3998805,0.894528952,59.79936847,0.798968449,55.52190476,-0.159597607,0.145361901
0.020559361,0.972645992,66.5565851,0.94372194,62.5055167,0.89798361,59.86631418,0.799060262,55.54310546,-0.169200906,0.160603352
0.035698817,0.977938869,64.95381399,0.950593721,61.8751896,0.905469898,59.511852,0.80311276,55.44999787,0.084890966,-0.060795736
0.008895136,0.982975044,63.5577658,0.957763288,61.33327152,0.912213365,59.20887147,0.806813274,55.3709881,-0.105527638,-0.112328804
-0.025814115,1.002975897,55.95310996,0.979149847,58.2351364,0.93289472,57.45621388,0.823091815,54.90927017,0.591492777,0.048411518
-0.029744622,1.009136009,53.83696721,0.989648955,57.32141638,0.94170066,56.93164,0.829126514,54.7692544,-0.095814423,0.061168155
-0.026845616,1.006616819,55.11714226,0.989754875,57.80107924,0.941139931,57.21080511,0.827013304,54.85028456,-0.350669269,0.024874482
-0.035646092,1.020572205,50.37452764,1.005076487,55.75746233,0.956632227,56.04227574,0.83869571,54.54071531,0.774210865,0.162738462
-0.027742047,1.015346533,52.1109807,1.002631366,56.38172386,0.955001157,56.39786978,0.835697293,54.64139152,-0.353948563,0.113054277
-0.011626362,1.017312168,51.25906031,1.006966648,56.02107337,0.960600078,56.19328988,0.838616058,54.58780419,0.155676283,0.025890979
-0.015353726,1.025152717,47.66106015,1.016514502,54.47540983,0.973039043,55.31535378,0.847875878,54.3580707,0.413519209,0.127757705
-0.027372142,1.032473112,44.76220922,1.024228871,53.17513679,0.983907046,54.57002875,0.856141672,54.16180794,1.444266055,0.48674477
-0.010101213,1.025005069,46.79609964,1.018820493,53.84034421,0.981760295,54.93167384,0.853520577,54.25867959,-0.601506052,0.211601386
-0.023201664,1.029200184,43.80918834,1.02651523,52.5133926,0.991753859,54.17502505,0.861929275,54.06124947,-0.400423854,0.202306328
-0.016480837,1.020561096,45.88688029,1.021574493,53.18017107,0.989022303,54.53199574,0.859431105,54.15489678,0.127835052,0.196738082
