Activity ID,Activity Date,Activity Name,Activity Type,Activity Description,Elapsed Time,Distance,Max Heart Rate,Relative Effort,Commute,Activity Gear,Filename,Athlete Weight,Bike Weight,Elapsed Time,Moving Time,Distance,Max Speed,Average Speed,Elevation Gain,Elevation Loss,Elevation Low,Elevation High,Max Grade,Average Grade,Average Positive Grade,Average Negative Grade,Max Cadence,Average Cadence,Max Heart Rate,Average Heart Rate,Max Watts,Average Watts,Calories,Max Temperature,Average Temperature,Relative Effort,Total Work,Number of Runs,Uphill Time,Downhill Time,Other Time,Perceived Exertion,"<span class=""translation_missing"" title=""translation missing: en-US.lib.export.portability_exporter.activities.horton_values.type"">Type</span>","<span class=""translation_missing"" title=""translation missing: en-US.lib.export.portability_exporter.activities.horton_values.start_time"">Start Time</span>",Weighted Average Power,Power Count,Prefer Perceived Exertion,Perceived Relative Effort,Commute,Total Weight Lifted,From Upload,Grade Adjusted Distance,Weather Observation Time,Weather Condition,Weather Temperature,Apparent Temperature,Dewpoint,Humidity,Weather Pressure,Wind Speed,Wind Gust,Wind Bearing,Precipitation Intensity,Sunrise Time,Sunset Time,Moon Phase,Bike,Gear,Precipitation Probability,Precipitation Type,Cloud Cover,Weather Visibility,UV Index,Weather Ozone,"<span class=""translation_missing"" title=""translation missing: en-US.lib.export.portability_exporter.activities.horton_values.jump_count"">Jump Count</span>","<span class=""translation_missing"" title=""translation missing: en-US.lib.export.portability_exporter.activities.horton_values.total_grit"">Total Grit</span>","<span class=""translation_missing"" title=""translation missing: en-US.lib.export.portability_exporter.activities.horton_values.avg_flow"">Avg Flow</span>","<span class=""translation_missing"" title=""translation missing: en-US.lib.export.portability_exporter.activities.horton_values.flagged"">Flagged</span>","<span class=""translation_missing"" title=""translation missing: en-US.lib.export.portability_exporter.activities.horton_values.avg_elapsed_speed"">Avg Elapsed Speed</span>","<span class=""translation_missing"" title=""translation missing: en-US.lib.export.portability_exporter.activities.horton_values.dirt_distance"">Dirt Distance</span>","<span class=""translation_missing"" title=""translation missing: en-US.lib.export.portability_exporter.activities.horton_values.newly_explored_distance"">Newly Explored Distance</span>","<span class=""translation_missing"" title=""translation missing: en-US.lib.export.portability_exporter.activities.horton_values.newly_explored_dirt_distance"">Newly Explored Dirt Distance</span>","<span class=""translation_missing"" title=""translation missing: en-US.lib.export.portability_exporter.activities.horton_values.sport_type"">Sport Type</span>"
3144573941,"Mar 1, 2020, 11:07:23 AM",Sahil,Ride,,3041,9.48,,,false,,activities/3144573941.gpx,,,3041.0,2680.0,9483.2001953125,5.699999809265137,3.5385074615478516,18.26681900024414,22.966800689697266,0.10000000149011612,7.699999809265137,5.5,-0.04956132918596268,,,,,,,,,,,,,,,,,,,,,,,0.0,,0.0,,1.0,,,,,,,,,,,,,,,,,,,,,,,,,,,,,,,,
3151058448,"Mar 3, 2020, 5:21:33 PM",Akşam sahil,Ride,,1948,8.88,,,false,,activities/3151058448.gpx,,,1948.0,1920.0,8886.099609375,7.699999809265137,4.628177165985107,17.26011848449707,17.560100555419922,0.10000000149011612,6.300000190734863,5.099999904632568,-0.0033760592341423035,,,,,,,,,,,,,,,,,,,,,,,0.0,,0.0,,1.0,,,,,,,,,,,,,,,,,,,,,,,,,,,,,,,,
3161934908,"Mar 7, 2020, 12:54:20 PM",Cruising,Ride,,2210,6.14,,,false,,activities/3161934908.gpx,,,2210.0,2083.0,6146.7001953125,8.899999618530273,2.950888156890869,26.162378311157227,22.262399673461914,0.10000000149011612,9.0,19.0,0.06344868242740631,,,,,,,,,,,,,,,,,,,,,,,0.0,,0.0,,1.0,,,,,,,,,,,,,,,,,,,,,,,,,,,,,,,,
3162166902,"Mar 7, 2020, 1:48:01 PM",Cruising 1,Ride,,2846,8.89,,,false,,activities/3162166902.gpx,,,2846.0,2678.0,8894.900390625,5.300000190734863,3.3214712142944336,18.30500030517578,9.404999732971191,0.10000000149011612,9.699999809265137,6.599999904632568,0.10005733370780945,,,,,,,,,,,,,,,,,,,,,,,0.0,,0.0,,1.0,,,,,,,,,,,,,,,,,,,,,,,,,,,,,,,,
3162371757,"Mar 7, 2020, 2:53:42 PM",Cruise 2,Ride,,1340,5.11,,,false,,activities/3162371757.gpx,,,1340.0,1340.0,5109.7998046875,6.0,3.813283681869507,14.424964904785156,14.024999618530273,0.10000000149011612,8.800000190734863,24.0,0.007828094996511936,,,,,,,,,,,,,,,,,,,,,,,0.0,,0.0,,1.0,,,,,,,,,,,,,,,,,,,,,,,,,,,,,,,,
3164650346,"Mar 8, 2020, 10:22:25 AM",Haftasonu,Ride,,1587,28.23,,,false,,activities/3164650346.gpx,,,1587.0,1573.0,28232.099609375,5.0,17.947933197021484,19.071666717529297,16.67169952392578,0.10000000149011612,8.0,21.399999618530273,0.008500961586833,,,,,,,,,,,,,,,,,,,,,,,0.0,,0.0,,1.0,,,,,,,,,,,,,,,,,,,,,,,,,,,,,,,,
3172010920,"Mar 10, 2020, 6:35:39 PM",Rainy evening ride,Ride,,2265,9.91,,,false,,activities/3172010920.gpx,,,2265.0,2124.0,9914.7998046875,8.100000381469727,4.667984962463379,24.168636322021484,16.468599319458008,0.10000000149011612,7.800000190734863,29.299999237060547,0.0776616781949997,,,,,,,,,,,,,,,,,,,,,,,0.0,,0.0,,1.0,,,,,,,,,,,,,,,,,,,,,,,,,,,,,,,,
3177895565,"Mar 12, 2020, 7:02:28 PM",Akşam tur,Ride,,2212,9.34,,,false,,activities/3177895565.gpx,,,2212.0,2150.0,9345.900390625,6.599999904632568,4.346930027008057,17.639957427978516,17.739999771118164,0.10000000149011612,4.599999904632568,12.199999809265137,-0.001069987891241908,,,,,,,,,,,,,,,,,,,,,,,0.0,,0.0,,1.0,,,,,,,,,,,,,,,,,,,,,,,,,,,,,,,,
3181138803,"Mar 14, 2020, 5:44:03 AM",Morning ride,Ride,,2070,9.60,,,false,,activities/3181138803.gpx,,,2070.0,1976.0,9603.900390625,9.699999809265137,4.860273361206055,12.026905059814453,12.026900291442871,0.0,10.0,4.0,0.0,,,,,,,,,,,,,,,,,,,,,,,0.0,,0.0,,1.0,,,,,,,,,,,,,,,,,,,,,,,,,,,,,,,,
3196350328,"Mar 19, 2020, 5:41:47 AM",Morning ride,Ride,,2860,9.91,,,false,,activities/3196350328.gpx,,,2860.0,2391.0,9918.900390625,8.100000381469727,4.148431777954102,12.039999961853027,13.84000015258789,0.0,10.0,4.400000095367432,-0.018147174268960953,,,,,,,,,,,,,,,,,,5.0,,,,,0.0,48.0,0.0,,1.0,,,,,,,,,,,,,,,,,,,,,,,,,,,,,,,,
3564603071,"Jun 4, 2020, 7:14:04 PM",Normalization ride,Ride,,2179,9.33,,,false,,activities/3564603071.gpx,,,2179.0,2179.0,9338.7001953125,5.900000095367432,4.285773277282715,8.234285354614258,7.734285831451416,2.299999952316284,10.699999809265137,1.600000023841858,0.005354064051061869,,,,,,,,,,,,,,,,,,,,,,,0.0,,0.0,,1.0,,,,,,,,,,,,,,,,,,,,,,,,,,,,,,,,
3607144434,"Jun 13, 2020, 9:40:00 AM",Kondisyon antrenmanı,Ride,,5843,19.36,,,false,,activities/3607144434.gpx,,,5843.0,4049.0,19368.19921875,8.399999618530273,4.78345251083374,18.952350616455078,18.252399444580078,3.4000000953674316,13.199999809265137,2.700000047683716,0.003614171640947461,,,,,,,,,,,,,,,,,,5.0,,,,,0.0,84.0,0.0,,1.0,,,,,,,,,,,,,,,,,,,,,,,,,,,,,,,,
3615426633,"Jun 14, 2020, 5:56:55 PM",Pazar akşam,Ride,,2215,9.66,,,false,,activities/3615426633.gpx,,,2215.0,1951.0,9667.599609375,10.399999618530273,4.955202579498291,9.21842098236084,5.718420028686523,3.4000000953674316,12.800000190734863,13.899999618530273,0.036203399300575256,,,,,,,,,,,,,,,,,,,,,,,0.0,,0.0,,1.0,,,,,,,,,,,,,,,,,,,,,,,,,,,,,,,,
3710098920,"Jul 4, 2020, 4:27:56 AM",Weekend,Ride,,2438,9.48,,,false,,activities/3710098920.gpx,,,2438.0,2375.0,9482.099609375,6.699999809265137,3.9924631118774414,9.345454216003418,9.045454978942871,3.4000000953674316,12.899999618530273,2.5,0.0031638562213629484,,,,,,,,,,,,,,,,,,4.0,,,,,0.0,26.0,0.0,,1.0,,,,,,,,,,,,,,,,,,,,,,,,,,,,,,,,
3746705066,"Jul 11, 2020, 3:23:39 PM",Haftasonu,Ride,,2620,11.49,,,false,,activities/3746705066.gpx,,,2620.0,2475.0,11497.900390625,8.100000381469727,4.645616054534912,18.325973510742188,18.425973892211914,3.4000000953674316,13.600000381469727,8.800000190734863,-0.0008697240264154971,,,,,,,,,,,,,,,,,,,,,,,0.0,,0.0,,1.0,,,,,,,,,,,,,,,,,,,,,,,,,,,,,,,,
3751070341,"Jul 12, 2020, 12:08:58 PM",Sunny sunday,Ride,,3976,15.72,,,false,,activities/3751070341.gpx,,,3976.0,3494.0,15721.099609375,7.099999904632568,4.499456405639648,9.344444274902344,17.244443893432617,3.4000000953674316,12.899999618530273,2.0999999046325684,-0.050250936299562454,,,,,,,,,,,,,,,,,,,,,,,0.0,,0.0,,1.0,,,,,,,,,,,,,,,,,,,,,,,,,,,,,,,,
3851289575,"Aug 2, 2020, 4:08:05 AM",Dikili bademli turu,Ride,,6501,23.03,,,false,,activities/3851289575.gpx,,,6501.0,5723.0,23034.900390625,12.800000190734863,4.024969577789307,250.2139129638672,250.3139190673828,-0.5,56.79999923706055,23.100000381469727,-0.00043412388185970485,,,,,,,,,,,,,,,,,,,,,,,0.0,,0.0,,1.0,,,,,,,,,,,,,,,,,,,,,,,,,,,,,,,,
7026296626,"Apr 23, 2022, 7:10:29 AM",Back again ,Ride,,6235,23.71,,,false,,activities/7026296626.gpx,,,6235.0,5319.0,23710.30078125,7.148046970367432,4.457661151885986,0.0,1.2999999523162842,3.4000000953674316,5.900000095367432,5.5093255043029785,-0.005482849199324846,,,,,,,,,,,,,,,,,,,,,,,0.0,,0.0,,1.0,,,,,,,,,,,,,,,,,,,,,,,,,,,0.0,3.802774667739868,0.0,,,
7068053276,"May 1, 2022, 4:55:44 AM",Yokuş yukarı ,Ride,,3223,6.12,,,false,,activities/7068053276.gpx,,,3223.0,1901.0,6128.77001953125,14.176025390625,3.2239716053009033,89.22803497314453,109.42803955078125,13.699999809265137,88.80000305175781,21.679126739501953,-0.32959306240081787,,,,,,,,,,,,,,,,,,7.0,,,,,0.0,60.0,0.0,,1.0,,,,,,,,,,,,,,,,,,,,,,,,,,,0.0,1.9015730619430542,0.0,,,
7074040652,"May 2, 2022, 5:25:21 AM",İnişli çıkışlı ,Ride,,2897,7.36,,,false,,activities/7074040652.gpx,,,2897.0,2403.0,7359.02978515625,15.504003524780273,3.062434434890747,153.74868774414062,153.8486785888672,6.5,140.60000610351562,25.362228393554688,-0.0013588748406618834,,,,,,,,,,,,,,,,,,,,,,,0.0,,0.0,,1.0,,,,,,,,,,,,,,,,,,,,,,,,,,,0.0,2.540224313735962,0.0,,,
7085228488,"May 4, 2022, 6:14:22 AM",Morning Ride,Ride,,2934,6.69,,,false,,activities/7085228488.gpx,,,2934.0,2439.0,6696.240234375,15.926025390625,2.74548602104187,151.71377563476562,142.81378173828125,6.5,140.60000610351562,26.75663948059082,0.13291040062904358,,,,,,,,,,,,,,,,,,,,,,,0.0,,0.0,,1.0,,,,,,,,,,,,,,,,,,,,,,,,,,,0.0,2.282290458679199,0.0,,,
7138460506,"May 14, 2022, 3:48:40 AM",Isınma :) ,Ride,,4176,21.59,,,false,,activities/7138460506.gpx,,,4176.0,3928.0,21590.2109375,9.621874809265137,5.496489524841309,25.37089729309082,34.87089920043945,3.799999952316284,17.0,8.825684547424316,-0.04400142282247543,,,,,,,,,,,,,,,,,,,,,,,0.0,,0.0,,1.0,,,,,,,,,,,,,,,,,,,,,,,,,,,0.0,5.170069694519043,0.0,,,
7144320192,"May 15, 2022, 4:19:45 AM",Training,Ride,,5550,30.65,,,false,,activities/7144320192.gpx,,,5550.0,5302.0,30652.650390625,12.532031059265137,5.781337261199951,19.483333587646484,15.183333396911621,3.9000000953674316,16.100000381469727,9.940943717956543,0.014028150588274002,,,,,,,,,,,,,,,,,,,,,,,0.0,,0.0,,1.0,,,,,,,,,,,,,,,,,,,,,,,,,,,0.0,5.523000240325928,0.0,,,
7166970383,"May 19, 2022, 4:20:07 AM",Training,Ride,,6002,30.58,,,false,,activities/7166970383.gpx,,,6002.0,5500.0,30588.08984375,11.687891006469727,5.561470985412598,19.854774475097656,14.55477523803711,3.799999952316284,15.899999618530273,10.626815795898438,0.01732700504362583,,,,,,,,,,,,,,,,,,,,,,,0.0,,0.0,,1.0,,,,,,,,,,,,,,,,,,,,,,,,,,,0.0,5.096316337585449,0.0,,,
7182314378,"May 22, 2022, 4:17:46 AM",25km,Ride,,4353,24.50,,,false,,activities/7182314378.gpx,,,4353.0,3517.0,24501.23046875,7.641992092132568,6.9665141105651855,7.329999923706055,2.3299999237060547,3.9000000953674316,11.300000190734863,1.2787744998931885,0.020407138392329216,,,,,,,,,,,,,,,,,,,,,,,0.0,,0.0,,1.0,,,,,,,,,,,,,,,,,,,,,,,,,,,0.0,5.628584861755371,0.0,,,
7198503511,"May 25, 2022, 3:13:41 AM",Weekday training,Ride,,3687,21.79,,,false,,activities/7198503511.gpx,,,3687.0,3426.0,21792.80078125,10.960000038146973,6.361003875732422,19.84619140625,23.546199798583984,3.9000000953674316,16.700000762939453,9.565217018127441,-0.016978085041046143,,,,,,,,,,,,,,,,,,,,,,,0.0,,0.0,,1.0,,,,,,,,,,,,,,,,,,,,,,,,,,,0.0,5.910713195800781,0.0,,,
7242512659,"Jun 2, 2022, 9:28:10 AM",Turkcell granfondo training,Ride,,8470,18.35,,,false,,activities/7242512659.gpx,,,8470.0,5780.0,18354.66015625,18.52001953125,3.175546646118164,460.84503173828125,444.14501953125,5.300000190734863,216.39999389648438,38.11414337158203,0.09098506718873978,,,,,,,,,,,,,,,,,,,,,,,0.0,,0.0,,1.0,,,,,,,,,,,,,,,,,,,,,,,,,,,0.0,2.167020082473755,0.0,,,
7249543291,"Jun 3, 2022, 5:55:42 PM",EveningCycling,Ride,,710,3.01,,,false,,activities/7721425400.fit.gz,,,710.0,619.0,3011.280029296875,7.769995212554932,4.864749431610107,5.0,15.0,38.0,70.0,10.152283668518066,-0.7970032691955566,,,,0.0,,0.0,,,111.0,,24.0,,,,,,,,,,,,,,0.0,,1.0,,,,,,,,,,,,,,,,,,,,,,,,,,,0.0,4.241239547729492,0.0,,,
7283591174,"Jun 10, 2022, 2:08:04 AM",NightCycling,Ride,,5962,33.83,,,false,,activities/7758524573.fit.gz,,,5962.0,5544.0,33832.0390625,10.362011909484863,6.1024603843688965,125.0,108.0,2.0,103.0,40.7687873840332,-0.1596120148897171,,,,0.0,,0.0,,,986.0,,22.0,,,,,,,,,,,,,,0.0,,1.0,,,,,,,,,,,,,,,,,,,,,,,,,,,0.0,5.674612522125244,0.0,,,
7283591698,"Jun 3, 2022, 6:36:55 PM",EveningCycling,Ride,,1161,4.90,,,false,,activities/7758525461.fit.gz,,,1161.0,1059.0,4904.43017578125,6.956006050109863,4.631189823150635,14.0,8.0,31.0,100.0,46.88215255737305,0.8563686013221741,,,,0.0,,0.0,,,185.0,,23.0,,,,,,,,,,,,,,0.0,,1.0,,,,,,,,,,,,,,,,,,,,,,,,,,,0.0,4.224315166473389,0.0,,,
7300044843,"Jun 13, 2022, 2:26:38 AM",NightCycling,Ride,,5164,33.01,,,false,,activities/7776557009.fit.gz,,,5164.0,5026.0,33016.05078125,9.497998237609863,6.569051265716553,105.0,105.0,38.0,92.0,38.577457427978516,-0.09086489677429199,,,,0.0,,0.0,,,897.0,,22.0,,,,,,,,,,,,,,0.0,,1.0,,,,,,,,,,,,,,,,,,,,,,,,,,,0.0,6.393503189086914,0.0,,,
7337466011,"Jun 20, 2022, 2:36:16 AM",NightCycling,Ride,,6011,33.13,,,false,,activities/7817500274.fit.gz,,,6011.0,5404.0,33137.5,14.537500381469727,6.1320319175720215,133.0,99.0,36.0,349.0,45.69796371459961,0.7453790903091431,,,,0.0,,0.0,,,963.0,,21.0,,,,,,,,,,,,,,0.0,,1.0,,,,,,,,,,,,,,,,,,,,,,,,,,,0.0,5.512809753417969,0.0,,,
7348898404,"Jun 22, 2022, 3:23:02 AM",Morning Ride,Ride,,1336,10.07,181.0,73,false,,activities/7829962470.fit.gz,,,1336.0,1336.0,10069.5498046875,10.198003768920898,7.537088394165039,76.0,81.4000015258789,37.599998474121094,45.79999923706055,6.249642372131348,-0.053627002984285355,,,,,,172.44003295898438,,,,,,73.0,,,,,,,,,,,,,0.0,,1.0,,,,,,,,,,,,,,,,,,,,,,,,,,,0.0,7.537088394165039,0.0,,,
7348971766,"Jun 22, 2022, 3:45:48 AM",Cooling Down,Ride,"",1228,4.52,156.0,6,false,,activities/7830041944.fit.gz,,,1228.0,1228.0,4527.2900390625,5.807499885559082,3.686718225479126,121.0,106.19999694824219,28.799999237060547,50.79999923706055,19.476572036743164,0.32690635323524475,,,,,,127.37785339355469,,,16973.0,,,6.0,,,,,,,,,,,,,0.0,,1.0,,,,,,,,,,,,,,,,,,,,,,,,,,,0.0,3.686718225479126,0.0,,,
7353889654,"Jun 23, 2022, 3:04:08 AM",Endurance lesson 1,Ride,,3706,21.69,140.0,18,false,,activities/7353889654.gpx,,,3706.0,3706.0,21690.330078125,7.471875190734863,5.852760314941406,0.0,0.0,3.4000000953674316,5.599999904632568,4.325055122375488,0.0,,,,,,126.86762237548828,,,,,,18.0,,,,,,2.0,,,,,0.0,17.0,0.0,,1.0,,,,,,,,,,,,,,,,,,,,,,,,,,,0.0,5.852760314941406,0.0,,,
7365662283,"Jun 25, 2022, 12:11:00 PM",AfternoonCycling,Ride,,1476,5.13,,,false,,activities/7848300115.fit.gz,,,1476.0,1302.0,5132.06982421875,7.289990425109863,3.9416818618774414,28.0,29.0,37.0,83.0,34.42306137084961,0.21433846652507782,,,,0.0,,0.0,,,231.0,,30.0,,,,,,,,,,,,,,0.0,,1.0,,,,,,,,,,,,,,,,,,,,,,,,,,,0.0,3.4770121574401855,0.0,,,
7372082114,"Jun 26, 2022, 5:31:01 AM",MorningCycling,Ride,,9521,39.70,,,false,,activities/7855370047.fit.gz,,,9521.0,9105.0,39702.390625,18.908203125,4.360504150390625,848.0,851.0,38.0,269.0,49.6508903503418,0.0075562200509011745,,,,0.0,,0.0,,,1608.0,,29.0,,,,,,,,,,,,,,0.0,,1.0,,,,,,,,,,,,,,,,,,,,,,,,,,,0.0,4.169981002807617,0.0,,,
7389413989,"Jun 29, 2022, 6:35:38 PM",ZONE-2 NIGHT,Ride,,3631,21.98,150.0,32,false,,activities/7389413989.gpx,,,3631.0,3627.0,21979.44921875,9.093994140625,6.059952735900879,10.407114028930664,34.30711364746094,3.4000000953674316,27.899999618530273,5.4209208488464355,-0.10873793810606003,,,,,,133.2980499267578,,,,,,32.0,,,,,,,,,,,0.0,,0.0,,1.0,,,,,,,,,,,,,,,,,,,,,,,,,,,0.0,6.053277015686035,0.0,,,
7395938867,"Jul 1, 2022, 2:39:57 AM",ZONE-2 ,Ride,,3828,23.17,144.0,23,false,Trex,activities/7395938867.gpx,,9.479999542236328,3828.0,3806.0,23171.609375,9.1400146484375,6.088179111480713,18.79717254638672,34.79717254638672,1.600000023841858,27.200000762939453,8.677966117858887,-0.06905001401901245,,,,,,128.27569580078125,,,,,,23.0,,,,,,,,,,,0.0,,0.0,,1.0,,1656640768.0,2.0,20.229999542236328,20.719999313354492,18.90999984741211,0.9200000166893005,1013.2000122070312,2.4200000762939453,5.900000095367432,37.0,0.0,1656643072.0,1656697216.0,0.07999999821186066,11102121.0,,0.0,,0.33000001311302185,16093.0,0.0,320.20001220703125,,,,0.0,6.053189277648926,0.0,,,
7403384985,"Jul 2, 2022, 1:49:00 PM",AfternoonCycling,Ride,,1365,6.43,,,false,Trex,activities/7889619937.fit.gz,,9.479999542236328,1365.0,1365.0,6434.56005859375,7.429980278015137,4.713963508605957,51.0,29.0,37.0,82.0,45.73170852661133,0.6216431260108948,,,,0.0,,0.0,,,241.0,,32.0,,,,,,,,,,,,,,0.0,,1.0,,1656766848.0,1.0,28.209999084472656,29.200000762939453,18.309999465942383,0.550000011920929,1015.9000244140625,7.25,10.09000015258789,36.0,0.0,1656729472.0,1656783616.0,0.10999999940395355,11102121.0,,0.0,,0.1599999964237213,16093.0,5.0,319.8999938964844,,,,0.0,4.713963508605957,0.0,,,
7403389605,"Jul 2, 2022, 10:56:10 AM",AfternoonCycling,Ride,,1573,7.13,,,false,Trex,activities/7889624813.fit.gz,,9.479999542236328,1573.0,1476.0,7136.509765625,8.946002006530762,4.835033893585205,40.0,44.0,37.0,108.0,48.013641357421875,0.15413697063922882,,,,0.0,,0.0,,,257.0,,38.0,,,,,,,,,,,,,,0.0,,1.0,,1656755968.0,1.0,28.610000610351562,29.780000686645508,18.790000915527344,0.550000011920929,1016.5,6.190000057220459,8.380000114440918,34.0,0.0,1656729472.0,1656783616.0,0.10999999940395355,11102121.0,,0.0,,0.1599999964237213,16093.0,9.0,319.0,,,,0.0,4.53687858581543,0.0,,,
7406757491,"Jul 3, 2022, 6:40:22 AM",2 hour zone 2 ,Ride,,7364,43.47,151.0,65,false,Trex,activities/7406757491.gpx,,9.479999542236328,7364.0,7364.0,43477.2890625,8.123827934265137,5.904031753540039,10.029587745666504,10.129587173461914,3.0999999046325684,6.599999904632568,13.431269645690918,-0.00023000514192972332,,,,,,134.32615661621094,,,,,,65.0,,,,,,,,,,,0.0,,0.0,,1.0,,1656828032.0,1.0,25.09000015258789,25.399999618530273,18.459999084472656,0.6700000166893005,1016.5,6.800000190734863,10.520000457763672,56.0,0.0,1656815872.0,1656870016.0,0.14000000059604645,11102121.0,,0.0,,0.25,16093.0,3.0,318.20001220703125,,,,0.0,5.904031753540039,0.0,,,
7422551709,"Jul 6, 2022, 3:00:04 AM",Hello world,Ride,,4049,25.71,153.0,41,false,Trex,activities/7422551709.gpx,,9.479999542236328,4049.0,3934.0,25712.8203125,10.908007621765137,6.536049842834473,89.97343444824219,87.67343139648438,2.299999952316284,29.700000762939453,15.54311752319336,0.008944953791797161,,,,,,136.76231384277344,,,,,,41.0,,,,,,,,,,,0.0,,0.0,,1.0,,1657076352.0,1.0,20.440000534057617,20.850000381469727,18.450000762939453,0.8799999952316284,1011.7999877929688,2.950000047683716,8.8100004196167,41.0,0.0,1657075200.0,1657129216.0,0.23999999463558197,11102121.0,,0.0,,0.20999999344348907,16093.0,0.0,313.0,,,,0.0,6.350412368774414,0.0,,,
7422630854,"Jul 6, 2022, 3:00:16 AM",MorningCycling,Ride,,3955,25.42,,,false,Trex,activities/7910754864.fit.gz,,9.479999542236328,3955.0,3911.0,25425.1796875,10.069921493530273,6.500940799713135,147.0,144.0,36.0,101.0,48.685489654541016,0.047197308391332626,,,,0.0,,0.0,,,698.0,,23.0,,,,,,,,,,,,,,0.0,,1.0,,1657076352.0,1.0,20.440000534057617,20.850000381469727,18.450000762939453,0.8799999952316284,1011.7999877929688,2.950000047683716,8.8100004196167,41.0,0.0,1657075200.0,1657129216.0,0.23999999463558197,11102121.0,,0.0,,0.20999999344348907,16093.0,0.0,313.0,,,,0.0,6.428617000579834,0.0,,,
7422642350,"Jul 1, 2022, 2:40:29 AM",NightCycling,Ride,,3908,23.27,,,false,Trex,activities/7910767602.fit.gz,,9.479999542236328,3908.0,3860.0,23273.310546875,8.197998046875,6.029355049133301,41.0,55.0,38.0,71.0,40.6504020690918,0.04726444184780121,,,,0.0,,0.0,,,689.0,,22.0,,,,,,,,,,,,,,0.0,,1.0,,1656640768.0,2.0,20.229999542236328,20.719999313354492,18.90999984741211,0.9200000166893005,1013.2000122070312,2.4200000762939453,5.900000095367432,37.0,0.0,1656643072.0,1656697216.0,0.07999999821186066,11102121.0,,0.0,,0.33000001311302185,16093.0,0.0,320.20001220703125,,,,0.0,5.955299377441406,0.0,,,
7447353702,"Jul 10, 2022, 2:58:24 PM",Injury ride,Ride,,8061,40.88,165.0,76,false,Trex,activities/7447353702.gpx,,9.479999542236328,8061.0,7705.0,40880.19921875,10.060155868530273,5.305671691894531,89.4092025756836,112.10920715332031,2.5999999046325684,29.700000762939453,9.935317039489746,-0.055528104305267334,,,,,,133.05714416503906,,,,,,76.0,,,,,,,,,,,0.0,,0.0,,1.0,,1657461632.0,3.0,23.989999771118164,24.399999618530273,19.260000228881836,0.75,1009.0,3.8399999141693115,6.059999942779541,23.0,0.13120000064373016,1657420928.0,1657474688.0,0.3799999952316284,11102121.0,,0.05999999865889549,5.0,0.949999988079071,16093.0,2.0,337.0,,,,0.0,5.071355819702148,0.0,,,
7447483501,"Jul 10, 2022, 2:59:09 PM",EveningCycling,Ride,,8017,40.69,,,false,Trex,activities/7938038229.fit.gz,,9.479999542236328,8017.0,7666.0,40691.75,9.076074600219727,5.308081150054932,162.0,184.0,37.0,147.0,40.0,-0.2629525661468506,,,,0.0,,0.0,,,1362.0,,26.0,,,,,,,,,,,,,,0.0,,1.0,,1657461632.0,3.0,23.989999771118164,24.399999618530273,19.260000228881836,0.75,1009.0,3.8399999141693115,6.059999942779541,23.0,0.13120000064373016,1657420928.0,1657474688.0,0.3799999952316284,11102121.0,,0.05999999865889549,5.0,0.949999988079071,16093.0,2.0,337.0,,,,0.0,5.075683116912842,0.0,,,
7454722063,"Jul 12, 2022, 4:26:56 AM","
Another zone 2",Ride,,5358,29.98,168.0,71,false,Trex,activities/7454722063.gpx,,9.479999542236328,5358.0,5065.0,29980.369140625,11.465991020202637,5.919125080108643,98.53800201416016,115.63800048828125,2.9000000953674316,29.700000762939453,10.588234901428223,-0.05703732371330261,,,,,,140.12353515625,,,,,,71.0,,,,,,,,,,,0.0,,0.0,,1.0,,1657598464.0,1.0,19.739999771118164,19.739999771118164,15.180000305175781,0.75,1017.0,3.3299999237060547,7.579999923706055,45.0,0.0,1657593856.0,1657647360.0,0.46000000834465027,11102121.0,,0.0,,0.05000000074505806,16093.0,0.0,329.3999938964844,,,,0.0,5.59544038772583,0.0,,,
7454827876,"Jul 12, 2022, 4:27:09 AM",MorningCycling,Ride,,5310,29.81,,,false,Trex,activities/7946101254.fit.gz,,9.479999542236328,5310.0,5047.0,29811.849609375,9.840039253234863,5.906845569610596,176.0,191.0,38.0,173.0,43.42110824584961,-0.4092332422733307,,,,0.0,,0.0,,,901.0,,26.0,,,,,,,,,,,,,,0.0,,1.0,,1657598464.0,1.0,19.739999771118164,19.739999771118164,15.180000305175781,0.75,1017.0,3.3299999237060547,7.579999923706055,45.0,0.0,1657593856.0,1657647360.0,0.46000000834465027,11102121.0,,0.0,,0.05000000074505806,16093.0,0.0,329.3999938964844,,,,0.0,5.614284515380859,0.0,,,
7460978597,"Jul 13, 2022, 5:27:54 AM",Bayram uzunu ,Ride,,12217,61.80,184.0,191,false,Trex,activities/7460978597.gpx,,9.479999542236328,12217.0,11153.0,61808.5,14.102343559265137,5.541872024536133,144.59988403320312,159.99989318847656,3.4000000953674316,29.700000762939453,11.004836082458496,-0.02491566725075245,,,,,,144.3125,,,,,,191.0,,,,,,,,,,,0.0,,0.0,,1.0,,1657688448.0,1.0,22.079999923706055,22.1299991607666,15.949999809265137,0.6800000071525574,1016.9000244140625,2.059999942779541,3.799999952316284,47.0,0.0,1657680256.0,1657733760.0,0.5,11102121.0,,0.0,,0.07000000029802322,16093.0,1.0,321.0,,,,0.0,5.059220790863037,0.0,,,
7471560139,"Jul 15, 2022, 6:41:16 AM",Zone2,Ride,,3920,22.90,173.0,63,false,Trex,activities/7471560139.gpx,,9.479999542236328,3920.0,3905.0,22904.51953125,12.0439453125,5.865434169769287,19.73454475402832,31.5345458984375,2.200000047683716,26.0,9.940203666687012,-0.051518216729164124,,,,,,141.9745635986328,,,,,,63.0,,,,,,,,,,,0.0,,0.0,,1.0,,1657864832.0,1.0,24.690000534057617,24.979999542236328,18.270000457763672,0.6700000166893005,1012.9000244140625,5.900000095367432,8.819999694824219,60.0,0.0,1657853184.0,1657906560.0,0.5799999833106995,11102121.0,,0.0,,0.18000000715255737,16093.0,3.0,316.1000061035156,,,,0.0,5.842989444732666,0.0,,,
7476009257,"Jul 16, 2022, 3:32:23 AM",MorningCycling,Ride,,5198,27.55,,,false,Trex,activities/7969394148.fit.gz,,9.479999542236328,5198.0,4676.0,27554.48046875,8.113995552062988,5.8927459716796875,83.0,87.0,39.0,63.0,25.46630096435547,-0.02177504263818264,,,,0.0,,0.0,,,835.0,,24.0,,,,,,,,,,,,,,0.0,,1.0,,1657940352.0,1.0,19.959999084472656,20.149999618530273,16.770000457763672,0.8199999928474426,1013.7000122070312,2.619999885559082,6.090000152587891,52.0,0.0,1657939584.0,1657992960.0,0.6200000047683716,11102121.0,,0.0,,0.23999999463558197,16093.0,0.0,317.3999938964844,,,,0.0,5.3009772300720215,0.0,,,
7481482958,"Jul 17, 2022, 3:34:47 AM",Assos zone 2,Ride,,8640,42.19,172.0,114,false,Trex,activities/7481482958.gpx,,9.479999542236328,8640.0,7517.0,42190.08984375,12.730077743530273,5.61262321472168,139.33212280273438,140.43212890625,4.900000095367432,22.399999618530273,11.53153133392334,-0.0026072473265230656,,,,,,141.18458557128906,,,,,,114.0,,,,,,,,,,,0.0,,0.0,,1.0,,1658026752.0,1.0,23.229999542236328,23.229999542236328,13.399999618530273,0.5400000214576721,1013.7000122070312,2.9000000953674316,4.210000038146973,56.0,0.0,1658026880.0,1658079616.0,0.6499999761581421,11102121.0,,0.0,,0.0,16093.0,0.0,315.79998779296875,,,,0.0,4.88311243057251,0.0,,,
7508283176,"Jul 22, 2022, 4:47:41 AM",Lastik patlar ,Ride,,4059,15.64,158.0,25,false,Trex,activities/7508283176.gpx,,9.479999542236328,4059.0,3155.0,15646.2802734375,10.272069931030273,4.959201335906982,108.00971984863281,105.50971984863281,3.5999999046325684,24.100000381469727,8.137748718261719,0.015978239476680756,,,,,,130.33517456054688,,,,,,25.0,,,,,,,,,,,0.0,,0.0,,1.0,,1658462464.0,1.0,23.399999618530273,23.489999771118164,16.40999984741211,0.6499999761581421,1012.7999877929688,3.4100000858306885,4.570000171661377,32.0,0.0,1658459136.0,1658511360.0,0.8199999928474426,11102121.0,,0.0,,0.0,16093.0,0.0,305.79998779296875,,,,0.0,3.854712963104248,0.0,,,
7508363224,"Jul 22, 2022, 4:47:32 AM",MorningCycling,Ride,,3243,15.61,,,false,Trex,activities/8005052193.fit.gz,,9.479999542236328,3243.0,3104.0,15613.169921875,9.817968368530273,5.03001594543457,141.0,144.0,40.0,63.0,23.421775817871094,-0.01921454817056656,,,,0.0,,0.0,,,554.0,,26.0,,,,,,,,,,,,,,0.0,,1.0,,1658462464.0,1.0,23.399999618530273,23.489999771118164,16.40999984741211,0.6499999761581421,1012.7999877929688,3.4100000858306885,4.570000171661377,32.0,0.0,1658459136.0,1658511360.0,0.8199999928474426,11102121.0,,0.0,,0.0,16093.0,0.0,305.79998779296875,,,,0.0,4.814421653747559,0.0,,,
7523194085,"Jul 24, 2022, 6:11:04 PM",Tatil dönüşü ,Ride,,8668,36.33,153.0,27,false,Trex,activities/7523194085.gpx,,9.479999542236328,8668.0,7770.0,36331.1484375,7.501953125,4.67582368850708,29.123233795166016,43.723236083984375,0.800000011920929,28.200000762939453,13.195876121520996,-0.04018590226769447,,,,,,115.61256408691406,,,,,,27.0,,,,,,,,,,,0.0,,0.0,,1.0,,1658685568.0,1.0,25.649999618530273,25.809999465942383,16.959999084472656,0.5899999737739563,1012.2000122070312,4.820000171661377,10.039999961853027,69.0,0.0,1658631168.0,1658683776.0,0.8799999952316284,11102121.0,,0.0,,0.0,16093.0,0.0,310.3999938964844,,,,0.0,4.191410541534424,60.0,,,
7556846424,"Jul 31, 2022, 4:03:34 AM",Morning Ride,Ride,,7720,42.69,185.0,107,false,Trex,activities/8058958905.fit.gz,,9.479999542236328,7720.0,7562.0,42693.62109375,10.498437881469727,5.645810604095459,133.0,132.0,-8.199999809265137,-1.7999999523162842,9.448819160461426,0.001873815548606217,,,97.0,78.51691436767578,,142.13369750976562,,,984.0,,25.0,107.0,,,,,,,,,,,,,0.0,,1.0,,1659239936.0,2.0,23.68000030517578,24.389999389648438,21.510000228881836,0.8799999952316284,1009.5999755859375,2.4000000953674316,4.949999809265137,38.0,0.0,1659236352.0,1659288064.0,0.09000000357627869,11102121.0,,0.0,,0.3799999952316284,16093.0,0.0,295.5,,,,0.0,5.530261993408203,0.0,,,
7567772702,"Aug 2, 2022, 3:48:06 AM",Morning Ride,Ride,,3749,20.09,170.0,31,false,Trex,activities/8071126703.fit.gz,,9.479999542236328,3749.0,3733.0,20089.400390625,8.864062309265137,5.381569862365723,91.0,95.0,-10.199999809265137,-4.0,13.06372356414795,-0.01991099677979946,,,112.0,82.9835433959961,,128.7273406982422,,,423.0,,22.0,31.0,,,,,,,,,,,,,0.0,,1.0,,1659409152.0,1.0,21.049999237060547,21.469999313354492,18.709999084472656,0.8600000143051147,1010.5,1.850000023841858,3.4200000762939453,41.0,0.0,1659409280.0,1659460864.0,0.1599999964237213,11102121.0,,0.0,,0.0,16093.0,0.0,292.8999938964844,,,,0.0,5.358602523803711,0.0,,,
7573893175,"Aug 3, 2022, 3:51:34 AM",Morning Ride,Ride,,3617,22.49,178.0,44,false,Trex,activities/8077878042.fit.gz,,9.479999542236328,3617.0,3617.0,22495.94921875,7.558007717132568,6.2195048332214355,83.0,75.0,-6.599999904632568,2.5999999046325684,10.078740119934082,0.036451004445552826,,,98.0,83.29052734375,,137.50027465820312,,,494.0,,23.0,44.0,,,,,,,,,,,,,0.0,,1.0,,1659495552.0,1.0,21.149999618530273,21.68000030517578,19.520000457763672,0.8999999761581421,1012.5,3.0799999237060547,6.920000076293945,52.0,0.0,1659495808.0,1659547136.0,0.1899999976158142,11102121.0,,0.0,,0.28999999165534973,16093.0,0.0,299.70001220703125,,,,0.0,6.2195048332214355,0.0,,,
7584981110,"Aug 5, 2022, 3:33:14 AM",MorningCycling,Ride,,5824,34.04,,,false,Trex,activities/8090165287.fit.gz,,9.479999542236328,5824.0,5523.0,34041.62109375,7.725781440734863,6.163610458374023,77.0,77.0,35.0,48.0,19.010488510131836,0.02056306228041649,,,,0.0,,0.0,,,983.0,,26.0,,,,,,,,,,,,,,0.0,,1.0,,1659668352.0,2.0,22.59000015258789,23.200000762939453,20.510000228881836,0.8799999952316284,1013.0,3.440000057220459,6.929999828338623,46.0,0.0,1659668736.0,1659719808.0,0.25999999046325684,11102121.0,,0.0,,0.3400000035762787,16093.0,0.0,305.1000061035156,,,,0.0,5.845058441162109,0.0,,,
7585082919,"Aug 5, 2022, 3:33:03 AM",Morning Ride,Ride,,5561,33.31,213.0,42,false,Trex,activities/8090278205.fit.gz,,9.479999542236328,5561.0,5390.0,33309.62890625,8.374284744262695,6.179893970489502,29.0,31.0,-3.799999952316284,7.400000095367432,8.583403587341309,-0.0072051240131258965,,,105.0,84.7805404663086,,119.41814422607422,,,593.0,,24.0,42.0,,,,,,,,,,,,,0.0,,1.0,,1659668352.0,2.0,22.59000015258789,23.200000762939453,20.510000228881836,0.8799999952316284,1013.0,3.440000057220459,6.929999828338623,46.0,0.0,1659668736.0,1659719808.0,0.25999999046325684,11102121.0,,0.0,,0.3400000035762787,16093.0,0.0,305.1000061035156,,,,0.0,5.98986291885376,0.0,,,
7594362886,"Aug 6, 2022, 8:51:59 PM",Night Ride,Ride,,87,0.20,135.0,0,false,Trex,activities/8100644787.fit.gz,,9.479999542236328,87.0,87.0,200.58999633789062,16.573331832885742,2.3056321144104004,0.0,,,,0.0,0.0,,,78.0,67.45977020263672,,126.89655303955078,,,10.0,,32.0,0.0,,,,,,,,,,,,,0.0,,1.0,,,,,,,,,,,,,,,,11102121.0,,,,,,,,,,,0.0,2.3056321144104004,0.0,,,
7596172541,"Aug 7, 2022, 6:59:36 AM",Morning Ride,Ride,,7004,36.57,186.0,119,false,Trex,activities/8102707749.fit.gz,,9.479999542236328,7004.0,6665.0,36569.66015625,10.672266006469727,5.486820697784424,113.0,115.0,33.0,46.79999923706055,14.395501136779785,-0.010938029736280441,,,98.0,83.007080078125,,144.72201538085938,,,983.0,,30.0,119.0,,,,,,,,,,,,,0.0,,1.0,,1659852032.0,1.0,25.559999465942383,26.200000762939453,21.350000381469727,0.7799999713897705,1008.5999755859375,4.289999961853027,7.650000095367432,44.0,0.007199999876320362,1659841664.0,1659892480.0,0.33000001311302185,11102121.0,,0.009999999776482582,5.0,0.23000000417232513,16093.0,2.0,306.3999938964844,,,,0.0,5.221253395080566,0.0,,,
7606575100,"Aug 9, 2022, 3:48:17 AM",Morning Ride,Ride,,3101,0.56,174.0,38,false,Trex,activities/8114372958.fit.gz,,9.479999542236328,3101.0,3101.0,567.219970703125,20.1460018157959,0.18291518092155457,0.0,,,,0.0,0.0,,,102.0,74.26781463623047,,136.14414978027344,,,408.0,,32.0,38.0,,,,,,,,,,,,,0.0,,1.0,,,,,,,,,,,,,,,,11102121.0,,,,,,,,,,,0.0,0.18291518092155457,0.0,,,
7616923802,"Aug 10, 2022, 7:22:04 PM",Zwift - Z2  in London,Virtual Ride,,3633,25.47,223.0,45,false,Trex,activities/8125793168.fit.gz,,9.479999542236328,3633.0,3633.0,25474.951171875,11.608007431030273,7.0120978355407715,64.0,0.0,11.199999809265137,31.399999618530273,5.929360866546631,-0.0416095033288002,,,117.0,83.82887268066406,,139.2961883544922,,95.62989807128906,331.0,,,45.0,,,,,,,,,97.0,3634.0,,,0.0,,1.0,,,,,,,,,,,,,,,,11102121.0,,,,,,,,,,,0.0,7.0120978355407715,0.0,,,
7621387649,"Aug 11, 2022, 4:28:37 PM",Evening Swim,Swim,,989,150,103.0,1,false,,activities/8130747363.fit.gz,,,989.0,989.0,149.7100067138672,1.5220000743865967,0.15137512981891632,0.0,0.0,0.0,0.0,0.0,0.0,,,42.0,24.905263900756836,,103.0,,,33.0,,21.0,1.0,,,,,,,,,,,,,0.0,,1.0,,1660233600.0,1.0,26.170000076293945,26.610000610351562,19.729999542236328,0.6800000071525574,1012.5,4.929999828338623,7.400000095367432,28.0,0.0,1660187520.0,1660237824.0,0.49000000953674316,,,0.0,,0.23000000417232513,16093.0,0.0,307.1000061035156,,,,0.0,0.15137512981891632,0.0,,,
7627558150,"Aug 12, 2022, 7:36:22 PM",Zwift - z2 - New York,Virtual Ride,,3630,15.97,169.0,25,false,Trex,activities/8137609482.fit.gz,,9.479999542236328,3630.0,3630.0,15973.400390625,20.513965606689453,4.400385856628418,288.0,0.0,17.0,132.8000030517578,17.391170501708984,0.29549121856689453,,,122.0,82.49336242675781,,130.6204071044922,,88.5081558227539,306.0,,,25.0,,,,,,,,,89.0,3631.0,,,0.0,,1.0,,,,,,,,,,,,,,,,11102121.0,,,,,,,,,,,0.0,4.400385856628418,0.0,,,
7629231722,"Aug 13, 2022, 6:33:48 AM",Morning Swim,Swim,,1637,204,115.0,1,false,,activities/8139476681.fit.gz,,,1637.0,1637.0,203.9499969482422,0.9580001831054688,0.12458765506744385,0.0,0.0,0.0,0.0,0.0,0.0,,,48.0,24.206140518188477,,115.0,,,44.0,,22.0,1.0,,,,,,,,,,,,,0.0,,1.0,,1660370432.0,2.0,25.860000610351562,26.3700008392334,20.260000228881836,0.7099999785423279,1009.4000244140625,3.990000009536743,5.050000190734863,55.0,0.0,1660360320.0,1660410368.0,0.5600000023841858,,,0.0,,0.3199999928474426,16093.0,2.0,305.79998779296875,,,,0.0,0.12458765506744385,0.0,,,
7629233350,"Aug 13, 2022, 7:04:28 AM",Morning Ride,Ride,,1882,13.32,179.0,92,false,Trex,activities/8139478586.fit.gz,,9.479999542236328,1882.0,1827.0,13322.1796875,14.405957221984863,7.291833400726318,4.5,2924.0,0.0,4.5,4.2372870445251465,0.0,,,97.0,82.14946746826172,,169.59286499023438,,,361.0,,29.0,92.0,,,,,,,,,,,,,0.0,,1.0,,1660374016.0,2.0,27.149999618530273,28.600000381469727,19.790000915527344,0.6399999856948853,1009.5,3.8399999141693115,4.679999828338623,53.0,0.0,1660360320.0,1660410368.0,0.5600000023841858,11102121.0,,0.0,,0.3799999952316284,16093.0,4.0,305.8999938964844,,,,0.0,7.0787353515625,0.0,,,
7629233811,"Aug 13, 2022, 7:36:31 AM",Morning Run,Run,,364,0.76,203.0,22,false,,activities/8139479086.fit.gz,,,364.0,297.0,760.9299926757812,3.8971428871154785,2.562053918838501,210.0,218.0,145.39999389648438,219.8000030517578,49.882972717285156,0.0,,,104.0,77.86046600341797,,191.8783721923828,,,79.0,,29.0,22.0,,,,,,,,,,,,,0.0,,1.0,1333.9000244140625,1660374016.0,2.0,27.149999618530273,28.600000381469727,19.790000915527344,0.6399999856948853,1009.5,3.8399999141693115,4.679999828338623,53.0,0.0,1660360320.0,1660410368.0,0.5600000023841858,,,0.0,,0.3799999952316284,16093.0,4.0,305.8999938964844,,,,0.0,2.0904669761657715,0.0,,,
7634724148,"Aug 14, 2022, 4:39:26 AM",Morning Ride,Ride,,5978,37.55,164.0,76,false,Trex,activities/8145642221.fit.gz,,9.479999542236328,5978.0,5805.0,37555.8984375,12.358073234558105,6.469577789306641,46.0,50.0,-8.600000381469727,9.199999809265137,6.86398983001709,-0.014378567226231098,,,90.0,77.41368865966797,,140.2349395751953,,,787.0,,24.0,76.0,,,,,,,,,,,,,0.0,,1.0,,1660449536.0,2.0,22.68000030517578,23.299999237060547,20.540000915527344,0.8799999952316284,1006.5999755859375,2.4000000953674316,5.010000228881836,29.0,0.019600000232458115,1660446848.0,1660496768.0,0.6000000238418579,11102121.0,,0.029999999329447746,5.0,0.3499999940395355,16093.0,0.0,305.79998779296875,,,,0.0,6.282351493835449,0.0,,,
7634724755,"Aug 14, 2022, 6:28:34 AM",Morning Run,Run,,1343,3.26,173.0,23,false,,activities/8145642936.fit.gz,,,1343.0,1216.0,3263.31005859375,13.652002334594727,2.683643102645874,567.0,550.0,-49.0,41.20000076293945,49.798160552978516,0.5270721912384033,,,83.0,71.35173797607422,,146.67190551757812,,,199.0,,27.0,23.0,,,,,,,,,,,,,0.0,,1.0,4913.2001953125,1660456832.0,2.0,25.270000457763672,25.889999389648438,21.149999618530273,0.7799999713897705,1006.5999755859375,2.4700000286102295,3.759999990463257,54.0,0.05889999866485596,1660446848.0,1660496768.0,0.6000000238418579,,,0.03999999910593033,5.0,0.3499999940395355,16093.0,2.0,303.3999938964844,,,,0.0,2.429866075515747,0.0,,,
7643585139,"Aug 15, 2022, 5:31:56 PM",Evening Swim,Swim,,1981,775,81.0,3,false,,activities/8155567947.fit.gz,,,1981.0,1975.0,775.0,1.472000002861023,0.39240506291389465,0.0,,,,0.0,0.0,,,,22.0,,81.0,,,179.0,,27.0,3.0,,,,,,,,,,,,,0.0,,1.0,,,,,,,,,,,,,,,,,,,,,,,,,,,0.0,0.39121654629707336,0.0,,,
7649823396,"Aug 16, 2022, 6:57:57 PM",Zwift - INTERVAL  in Paris,Virtual Ride,,3623,20.68,164.0,37,false,Trex,activities/8162473709.fit.gz,,9.479999542236328,3623.0,3623.0,20679.900390625,12.350000381469727,5.707949161529541,120.0,0.0,41.400001525878906,71.4000015258789,6.545154571533203,-0.002901379019021988,,,106.0,72.09272766113281,,133.9794921875,,81.60016632080078,281.0,,,37.0,,,,,,,,,98.0,3624.0,,,0.0,,1.0,,,,,,,,,,,,,,,,11102121.0,,,,,,,,,,,0.0,5.707949161529541,0.0,,,
7660946354,"Aug 18, 2022, 6:05:48 PM",Night Swim,Swim,,1918,450,107.0,6,false,,activities/8174857658.fit.gz,,,1918.0,1911.0,450.0,1.0,0.23547880351543427,0.0,,,,0.0,0.0,,,,19.0,,107.0,,,96.0,,26.0,6.0,,,,,,,,,,,,,0.0,,1.0,,,,,,,,,,,,,,,,,,,,,,,,,,,0.0,0.2346193939447403,0.0,,,
7660946642,"Aug 18, 2022, 6:45:32 PM",Night Run,Run,,249,0.56,162.0,5,false,,activities/8174858025.fit.gz,,,249.0,249.0,565.4299926757812,2.883571147918701,2.270803213119507,7.0,0.0,214.0,221.39999389648438,11.516336441040039,1.1672543287277222,,,78.0,74.80425262451172,,148.6546173095703,,,41.0,,26.0,5.0,,,,,,,,,,,,,0.0,,1.0,586.5999755859375,,,,,,,,,,,,,,,,,,,,,,,,,,0.0,2.270803213119507,0.0,,,
7666128572,"Aug 19, 2022, 7:36:25 PM",Zwift - 1 hr Z2 in London,Virtual Ride,,4045,20.65,172.0,56,false,Trex,activities/8180692112.fit.gz,,9.479999542236328,4045.0,4045.0,20652.080078125,21.822265625,5.105582237243652,222.0,0.0,3.0,155.60000610351562,16.405475616455078,0.0029052782338112593,,,124.0,80.5784912109375,,140.3813934326172,,94.08784484863281,362.0,,,56.0,,,,,,,,,100.0,4046.0,,,0.0,,1.0,,,,,,,,,,,,,,,,11102121.0,,,,,,,,,,,0.0,5.105582237243652,525.2000122070312,,,
7671010100,"Aug 20, 2022, 3:17:10 PM",Zwift - 2 hr Z2 in Paris,Virtual Ride,,7242,39.57,198.0,64,false,Trex,activities/8186175738.fit.gz,,9.479999542236328,7242.0,7242.0,39576.5078125,11.440038681030273,5.4648590087890625,235.0,0.0,41.400001525878906,71.4000015258789,8.639519691467285,0.0,,,105.0,79.65082550048828,,129.58351135253906,,71.58129119873047,493.0,,,64.0,,,,,,,,,74.0,7243.0,,,0.0,,1.0,,,,,,,,,,,,,,,,11102121.0,,,,,,,,,,,0.0,5.4648590087890625,0.0,,,
7673853451,"Aug 21, 2022, 8:38:32 AM",Lunch Ride,Ride,,2743,15.63,165.0,46,false,Trex,activities/8189439933.fit.gz,,9.479999542236328,2743.0,2743.0,15637.919921875,7.801676273345947,5.701027870178223,79.0,73.0,-3.799999952316284,4.599999904632568,10.387310981750488,0.034531448036432266,,,97.0,82.108154296875,,143.6071014404297,,,434.0,,33.0,46.0,,,,,,,,,,,,,0.0,,1.0,,1661068800.0,2.0,29.31999969482422,32.27000045776367,21.790000915527344,0.6399999856948853,1006.5,4.690000057220459,5.940000057220459,51.0,0.0,1661052032.0,1661100928.0,0.8299999833106995,11102121.0,,0.0,,0.3400000035762787,16093.0,5.0,300.70001220703125,,,,0.0,5.701027870178223,0.0,,,
7673948468,"Aug 21, 2022, 9:27:15 AM",Lunch Run,Run,,693,1.55,189.0,29,false,,activities/8189544894.fit.gz,,,693.0,666.0,1554.969970703125,3.3960022926330566,2.334789752960205,26.0,24.0,-10.199999809265137,5.400000095367432,28.735626220703125,-0.2572396993637085,,,83.0,74.69517517089844,,169.0750732421875,,,129.0,,32.0,29.0,,,,,,,,,,,,,0.0,,1.0,1639.9000244140625,1661072384.0,1.0,30.280000686645508,33.58000183105469,21.920000076293945,0.6100000143051147,1006.2999877929688,4.820000171661377,5.659999847412109,45.0,0.0,1661052032.0,1661100928.0,0.8299999833106995,,,0.0,,0.3100000023841858,16093.0,7.0,301.0,,,,0.0,2.243824005126953,0.0,,,
7674110639,"Aug 21, 2022, 9:40:42 AM",Lunch Ride,Ride,,1215,6.14,175.0,33,false,Trex,activities/8189724672.fit.gz,,9.479999542236328,1215.0,1215.0,6142.14013671875,6.333984375,5.0552592277526855,39.0,39.0,-8.0,-1.399999976158142,11.600933074951172,0.009768580086529255,,,93.0,80.55413818359375,,153.6304931640625,,,211.0,,34.0,33.0,,,,,,,,,,,,,0.0,,1.0,,1661072384.0,1.0,30.280000686645508,33.58000183105469,21.920000076293945,0.6100000143051147,1006.2999877929688,4.820000171661377,5.659999847412109,45.0,0.0,1661052032.0,1661100928.0,0.8299999833106995,11102121.0,,0.0,,0.3100000023841858,16093.0,7.0,301.0,,,,0.0,5.0552592277526855,0.0,,,
7674209997,"Aug 21, 2022, 10:02:32 AM",Afternoon Run,Run,,705,1.51,189.0,29,false,,activities/8189835114.fit.gz,,,705.0,696.0,1509.5699462890625,2.8942782878875732,2.1689224243164062,30.0,23.0,-13.0,-0.4000000059604645,16.28352165222168,0.30472254753112793,,,81.0,73.71884155273438,,165.7338104248047,,,132.0,,33.0,29.0,,,,,,,,,,,,,0.0,,1.0,1594.300048828125,1661075968.0,2.0,29.1200008392334,31.90999984741211,21.6200008392334,0.6399999856948853,1005.7999877929688,5.010000228881836,5.539999961853027,37.0,0.0,1661052032.0,1661100928.0,0.8299999833106995,,,0.0,,0.3799999952316284,16093.0,7.0,301.70001220703125,,,,0.0,2.1412339210510254,0.0,,,
7674299839,"Aug 21, 2022, 10:16:22 AM",Afternoon Ride,Ride,,605,2.40,164.0,17,false,Trex,activities/8189935651.fit.gz,,9.479999542236328,605.0,605.0,2400.669921875,4.69500732421875,3.9680495262145996,23.0,13.0,-6.199999809265137,5.599999904632568,6.698765277862549,0.3748953342437744,,,94.0,78.5343246459961,,155.23793029785156,,,108.0,,33.0,17.0,,,,,,,,,,,,,0.0,,1.0,,1661075968.0,2.0,29.1200008392334,31.90999984741211,21.6200008392334,0.6399999856948853,1005.7999877929688,5.010000228881836,5.539999961853027,37.0,0.0,1661052032.0,1661100928.0,0.8299999833106995,11102121.0,,0.0,,0.3799999952316284,16093.0,7.0,301.70001220703125,,,,0.0,3.9680495262145996,0.0,,,
7682453035,"Aug 22, 2022, 6:08:06 PM",Night Run,Run,,2747,5.70,188.0,46,false,,activities/8199191150.fit.gz,,,2747.0,2737.0,5706.490234375,3.210009813308716,2.0849435329437256,228.0,251.0,-34.599998474121094,9.0,48.192596435546875,-0.38903072476387024,,,85.0,75.16871643066406,,139.20286560058594,,,427.0,,27.0,46.0,,,,,,,,,,,,,0.0,,1.0,6582.60009765625,1661191168.0,2.0,26.239999771118164,28.360000610351562,23.360000610351562,0.8399999737739563,1006.7000122070312,4.980000019073486,8.1899995803833,51.0,0.020400000736117363,1661138560.0,1661187200.0,0.8600000143051147,,,0.029999999329447746,5.0,0.3499999940395355,16093.0,0.0,295.70001220703125,,,,0.0,2.0773534774780273,0.0,,,
7688114125,"Aug 23, 2022, 6:00:47 PM",Night Swim,Swim,,2474,600,,,false,,activities/8205514188.fit.gz,,,2474.0,1583.0,600.0,1.5640000104904175,0.3790271580219269,0.0,,,,0.0,0.0,,,,25.0,,,,,130.0,,27.0,,,,,,,,,,,,,,0.0,,1.0,,,,,,,,,,,,,,,,,,,,,,,,,,,0.0,0.2425222247838974,0.0,,,
7700063369,"Aug 25, 2022, 7:26:55 PM",Night Run,Run,,3834,8.13,209.0,90,false,,activities/8219064915.fit.gz,,,3834.0,3796.0,8136.14013671875,3.2740235328674316,2.143345594406128,61.0,75.0,-0.4000000059604645,19.600000381469727,16.1724910736084,-0.179446280002594,,,84.0,75.00450134277344,,150.36767578125,,,620.0,,25.0,90.0,,,,,,,,,,,,,0.0,,1.0,8250.2001953125,1661453952.0,2.0,24.219999313354492,24.969999313354492,21.90999984741211,0.8700000047683716,1008.2000122070312,2.1600000858306885,3.440000057220459,347.0,0.1476999968290329,1661397888.0,1661446144.0,0.949999988079071,,,0.10000000149011612,5.0,0.6600000262260437,16093.0,0.0,309.3999938964844,,,,0.0,2.1221022605895996,0.0,,,
7704551115,"Aug 26, 2022, 5:04:18 PM",Evening Swim,Swim,,2943,"1,100",99.0,8,false,,activities/8224146789.fit.gz,,,2943.0,1642.0,1100.0,3.572000026702881,0.669914722442627,0.0,,,,0.0,0.0,,,,22.0,,99.0,,,247.0,,26.0,8.0,,,,,,,,,,,,,0.0,,1.0,,,,,,,,,,,,,,,,,,,,,,,,,,,0.0,0.37376827001571655,0.0,,,
7708366668,"Aug 27, 2022, 6:21:03 AM",Morning Ride,Ride,,8836,50.26,193.0,66,false,Trex,activities/8228428556.fit.gz,,9.479999542236328,8836.0,8763.0,50260.91796875,11.940234184265137,5.735583782196045,61.0,59.0,4.400000095367432,24.799999237060547,35.068458557128906,0.0043771578930318356,,,102.0,84.83590698242188,,127.15399932861328,,,961.0,,27.0,66.0,,,,,,,,,,,,,0.0,,1.0,,1661580032.0,2.0,25.170000076293945,25.770000457763672,20.989999771118164,0.7799999713897705,1010.0999755859375,2.119999885559082,2.1700000762939453,212.0,0.08749999850988388,1661570816.0,1661618816.0,0.009999999776482582,11102121.0,,0.03999999910593033,5.0,0.3199999928474426,16093.0,2.0,301.29998779296875,,,,0.0,5.688198089599609,0.0,,,
7712754215,"Aug 28, 2022, 6:38:26 AM",Morning Run,Run,,725,1.52,171.0,12,false,,activities/8233439181.fit.gz,,,725.0,667.0,1526.070068359375,3.193999767303467,2.287961006164551,21.0,27.0,3.4000000953674316,21.399999618530273,44.87142562866211,-0.2096889168024063,,,84.0,78.68363952636719,,135.07046508789062,,,107.0,,28.0,12.0,,,,,,,,,,,,,0.0,,1.0,1629.699951171875,1661666432.0,1.0,25.799999237060547,26.450000762939453,21.510000228881836,0.7699999809265137,1012.4000244140625,1.6799999475479126,2.299999952316284,107.0,0.0,1661657344.0,1661705088.0,0.05000000074505806,,,0.0,,0.28999999165534973,16093.0,2.0,297.8999938964844,,,,0.0,2.104924201965332,0.0,,,
7712758612,"Aug 28, 2022, 6:51:58 AM",Morning Brick,Walk,"",6057,30.01,202.0,88,false,,activities/8233443816.fit.gz,,,6057.0,5626.0,30016.5703125,9.546002388000488,5.335330486297607,16.073637008666992,6261.0,0.8999999761581421,4.599999904632568,5.568675994873047,-0.00033314930624328554,,,117.0,70.06965637207031,,139.5872344970703,,,793.0,,30.0,88.0,,,,,,,,,,,0.0,,0.0,,1.0,,1661666432.0,1.0,25.799999237060547,26.450000762939453,21.510000228881836,0.7699999809265137,1012.4000244140625,1.6799999475479126,2.299999952316284,107.0,0.0,1661657344.0,1661705088.0,0.05000000074505806,,,0.0,,0.28999999165534973,16093.0,2.0,297.8999938964844,,,,0.0,4.955682754516602,0.0,,,
7718175000,"Aug 29, 2022, 5:25:15 AM",Morning Run,Run,,2422,5.14,189.0,35,false,,activities/8239597624.fit.gz,,,2422.0,2390.0,5147.93017578125,3.0379998683929443,2.1539456844329834,296.0,271.0,-58.400001525878906,59.599998474121094,49.81623077392578,0.7847813963890076,,,119.0,79.71403503417969,,129.94915771484375,,,381.0,,29.0,35.0,,,,,,,,,,,,,0.0,,1.0,6042.0,,,,,,,,,,,,,,,,,,,,,,,,,,0.0,2.1254873275756836,0.0,,,
7720602594,"Aug 29, 2022, 2:36:37 PM",Zwift - 90 min Z2 in Watopia,Virtual Ride,,5439,31.94,225.0,42,false,Trex,activities/8242339045.fit.gz,,9.479999542236328,5439.0,5439.0,31940.7109375,17.8359375,5.872533321380615,258.0,0.0,-6.199999809265137,57.79999923706055,12.472582817077637,-0.021289445459842682,,,99.0,76.93789672851562,,129.98243713378906,,85.0438003540039,440.0,,,42.0,,,,,,,,,89.0,5440.0,,,0.0,,1.0,,,,,,,,,,,,,,,,11102121.0,,,,,,,,,,,0.0,5.872533321380615,0.0,,,
7723925375,"Aug 30, 2022, 6:38:09 AM",Swim Drills 101,Swim,"",3934,307,,,false,,activities/8246054432.fit.gz,,,3934.0,3934.0,307.07000732421875,6.923999786376953,0.07805541902780533,0.0,5.300000190734863,0.0,5.300000190734863,11.494317054748535,-1.7259907722473145,,,46.0,27.825580596923828,,,,,109.0,,25.0,,,,,,,,,,,,0.0,,0.0,,1.0,,,,,,,,,,,,,,,,,,,,,,,,,,,0.0,0.07805541902780533,0.0,,,
7727708245,"Aug 30, 2022, 7:51:53 PM",Zwift - Interval No:1 in Watopia,Virtual Ride,,2544,9.31,184.0,19,false,Trex,activities/8250259012.fit.gz,,9.479999542236328,2544.0,2342.0,9309.359375,13.428003311157227,3.974961280822754,86.0,0.0,0.4000000059604645,100.19999694824219,5.802523136138916,-0.24706314504146576,,,91.0,67.01848602294922,,126.43310546875,,89.50171661376953,199.0,,,19.0,,,,,,,,,112.0,2501.0,,,0.0,,1.0,,,,,,,,,,,,,,,,11102121.0,,,,,,,,,,,0.0,3.659339427947998,0.0,,,
7732857848,"Aug 31, 2022, 6:09:29 PM",Night Run,Run,,2021,3.83,174.0,33,false,,activities/8256008414.fit.gz,,,2021.0,1999.0,3836.35009765625,4.168889045715332,1.9191346168518066,194.0,213.0,-112.80000305175781,-22.200000762939453,48.65803146362305,-0.5995282530784607,,,86.0,75.04953002929688,,143.59788513183594,,,270.0,,26.0,33.0,,,,,,,,,,,,,0.0,,1.0,4584.5,,,,,,,,,,,,,,,,,,,,,,,,,,0.0,1.8982434272766113,0.0,,,
7737963249,"Sep 1, 2022, 5:28:12 PM",Evening Swim,Swim,,860,100,94.0,2,false,,activities/8261733152.fit.gz,,,860.0,370.0,100.0,1.25,0.2702702581882477,0.0,,,,0.0,0.0,,,,22.0,,94.0,,,26.0,,27.0,2.0,,,,,,,,,,,,,0.0,,1.0,,,,,,,,,,,,,,,,,,,,,,,,,,,0.0,0.11627907305955887,0.0,,,
7737976543,"Sep 1, 2022, 5:44:44 PM",Evening Swim,Swim,,187,0,84.0,0,false,,activities/8261748048.fit.gz,,,187.0,0.0,0.0,0.0,0.0,0.0,,,,0.0,0.0,,,,,,84.0,,,,,27.0,0.0,,,,,,,,,,,,,0.0,,1.0,,,,,,,,,,,,,,,,,,,,,,,,,,,0.0,0.0,0.0,,,
7743413313,"Sep 2, 2022, 5:18:09 PM",Evening Swim,Swim,,3111,"1,150",85.0,6,false,,activities/8267964468.fit.gz,,,3111.0,3105.0,1150.0,1.9240000247955322,0.37037035822868347,0.0,,,,0.0,0.0,,,,26.0,,85.0,,,348.0,,27.0,6.0,,,,,,,,,,,,,0.0,,1.0,,,,,,,,,,,,,,,,,,,,,,,,,,,0.0,0.3696560561656952,0.0,,,
7746948733,"Sep 3, 2022, 11:13:01 AM",Afternoon Swim,Swim,,4103,975,90.0,9,false,,activities/8271967224.fit.gz,,,4103.0,4097.0,975.0,1.9240000247955322,0.2379790097475052,0.0,,,,0.0,0.0,,,,26.0,,90.0,,,273.0,,27.0,9.0,,,,,,,,,,,,,0.0,,1.0,,,,,,,,,,,,,,,,,,,,,,,,,,,0.0,0.23763100802898407,0.0,,,
7765550365,"Sep 6, 2022, 6:02:42 PM",Night Swim,Swim,"",2280,550,75.0,3,false,,activities/8293013727.fit.gz,,,2280.0,1081.0,550.0,3.125999927520752,0.5087881684303284,0.0,,,,0.0,0.0,,,,28.0,,75.0,,,68.0,,26.0,3.0,,,,,,,,,,,0.0,,0.0,,1.0,,,,,,,,,,,,,,,,,,,,,,,,,,,0.0,0.24122807383537292,0.0,,,
7771013305,"Sep 7, 2022, 5:03:53 PM",Evening Swim,Swim,,3830,350,,,false,,activities/8299163945.fit.gz,,,3830.0,714.0,350.0,1.6679999828338623,0.4901960790157318,0.0,,,,0.0,0.0,,,,23.0,,,,,93.0,,26.0,,,,,,,,,,,,,,0.0,,1.0,,,,,,,,,,,,,,,,,,,,,,,,,,,0.0,0.09138381481170654,0.0,,,
7776294624,"Sep 8, 2022, 5:15:10 PM",Evening Swim,Swim,,4315,750,87.0,9,false,,activities/8305110665.fit.gz,,,4315.0,2213.0,750.0,2.5,0.338906466960907,0.0,,,,0.0,0.0,,,,23.0,,87.0,,,187.0,,26.0,9.0,,,,,,,,,,,,,0.0,,1.0,,,,,,,,,,,,,,,,,,,,,,,,,,,0.0,0.17381228506565094,0.0,,,
7784250849,"Sep 10, 2022, 10:16:39 AM",Afternoon Swim,Swim,,3870,"1,200",83.0,7,false,,activities/8314123951.fit.gz,,,3870.0,2527.0,1200.0,1.6679999828338623,0.4748713970184326,0.0,,,,0.0,0.0,,,,24.0,,83.0,,,246.0,,26.0,7.0,,,,,,,,,,,,,0.0,,1.0,,,,,,,,,,,,,,,,,,,,,,,,,,,0.0,0.3100775182247162,0.0,,,
7797710715,"Sep 12, 2022, 4:23:49 PM",Evening Run,Run,"",2720,4.66,176.0,27,false,,activities/8329408736.fit.gz,,,2720.0,2158.0,4667.85009765625,3.1542794704437256,2.1630444526672363,169.0,251.0,-383.3999938964844,1.7999999523162842,49.74424362182617,-5.582870006561279,,,83.0,74.5486831665039,,130.77183532714844,,,363.0,,23.0,27.0,,,,,,,,,,,0.0,,0.0,,1.0,5129.2998046875,,,,,,,,,,,,,,,,,,,,,,,,,,0.0,1.7161213159561157,0.0,,,
7808769390,"Sep 14, 2022, 5:13:30 PM",Evening Swim,Swim,,1526,100,80.0,11,false,,activities/8341759402.fit.gz,,,1526.0,225.0,100.0,0.9259999990463257,0.4444444477558136,0.0,,,,0.0,0.0,,,,22.0,,80.0,,,24.0,,26.0,11.0,,,,,,,,,,,,,0.0,,1.0,,,,,,,,,,,,,,,,,,,,,,,,,,,0.0,0.06553079932928085,0.0,,,
7834689732,"Sep 19, 2022, 6:09:20 PM",Night Run,Run,"",2302,4.11,185.0,58,false,,activities/8371010408.fit.gz,,,2302.0,2229.0,4110.18994140625,4.631982326507568,1.8439613580703735,355.0,81.0,-64.80000305175781,10.800000190734863,37.5,-0.9877889156341553,,,121.0,73.7381362915039,,156.86605834960938,,,374.0,,21.0,58.0,,,,,,,,,,,0.0,,0.0,,1.0,4246.39990234375,,,,,,,,,,,,,,,,,,,,,,,,,,0.0,1.7854864597320557,0.0,,,
7840041770,"Sep 20, 2022, 5:59:42 PM",Evening Swim,Swim,,2488,675,,,false,,activities/8377001749.fit.gz,,,2488.0,2451.0,675.0,1.7860000133514404,0.27539780735969543,0.0,,,,0.0,0.0,,,,22.0,,,,,190.0,,26.0,,,,,,,,,,,,,,0.0,,1.0,,,,,,,,,,,,,,,,,,,,,,,,,,,0.0,0.2713022530078888,0.0,,,
7845396452,"Sep 21, 2022, 4:51:15 PM",Evening Run,Run,,4425,9.09,183.0,127,false,,activities/8382987991.fit.gz,,,4425.0,3970.0,9097.1796875,4.116678714752197,2.2914810180664062,253.0,259.0,-61.79999923706055,1.0,49.25918960571289,-0.3759406805038452,,,117.0,74.22265625,,158.5703125,,,704.0,,21.0,127.0,,,,,,,,,,,,,0.0,,1.0,9819.0,,,,,,,,,,,,,,,,,,,,,,,,,,0.0,2.0558598041534424,0.0,,,
7850245469,"Sep 22, 2022, 4:42:15 PM",Evening Run,Run,"",1204,2.61,152.0,22,false,,activities/8388427957.fit.gz,,,1204.0,1204.0,2614.659912109375,2.3027751445770264,2.171644449234009,0.0,,,,0.0,0.0,,,81.0,78.03823852539062,,145.1752471923828,,,215.0,,27.0,22.0,,,,,,,,,,,0.0,,0.0,,1.0,,,,,,,,,,,,,,,,,,,,,,,,,,,0.0,2.171644449234009,0.0,,,
7857364882,"Sep 24, 2022, 6:47:51 AM",Morning Run,Run,,169,0.42,163.0,2,false,,activities/8396440677.fit.gz,,,169.0,166.0,425.1000061035156,3.118333578109741,2.5608434677124023,10.0,4.0,19.200000762939453,28.799999237060547,10.181815147399902,1.4114326238632202,,,80.0,77.76875305175781,,143.0487823486328,,,28.0,,27.0,2.0,,,,,,,,,,,,,0.0,,1.0,458.3999938964844,,,,,,,,,,,,,,,,,,,,,,,,,,0.0,2.5153846740722656,0.0,,,
7857593823,"Sep 24, 2022, 7:09:05 AM",Morning Run,Run,"",3393,6.90,178.0,129,false,,activities/8396697549.fit.gz,,,3393.0,2702.0,6899.51025390625,3.1233723163604736,2.5534827709198,94.0,40.0,15.600000381469727,41.0,20.707509994506836,0.08696269243955612,,,84.0,80.95503234863281,,168.46421813964844,,,544.0,,25.0,129.0,,,,,,,,,,,0.0,,0.0,,1.0,7168.5,,,,,,,,,,,,,,,,,,,,,,,,,,0.0,2.033454179763794,0.0,,,
7862671624,"Sep 25, 2022, 4:14:11 AM",Morning Ride,Ride,,7946,50.14,163.0,113,false,Trex,activities/8402461965.fit.gz,,9.479999542236328,7946.0,7844.0,50145.98828125,13.117968559265137,6.392910480499268,251.0,303.0,-45.79999923706055,30.200000762939453,46.439910888671875,-0.10569140315055847,,,111.0,79.20878601074219,,140.326171875,,,1039.0,,20.0,113.0,,,,,,,,,,,,,0.0,,1.0,,,,,,,,,,,,,,,,11102121.0,,,,,,,,,,,0.0,6.31084680557251,0.0,,,
7864343367,"Sep 25, 2022, 10:22:26 AM",Drills,Swim,"",2295,550,116.0,8,false,,activities/8404340404.fit.gz,,,2295.0,2289.0,550.0,1.9240000247955322,0.24027960002422333,0.0,,,,0.0,0.0,,,,23.0,,116.0,,,143.0,,26.0,8.0,,,,,,,,,,,0.0,,0.0,,1.0,,,,,,,,,,,,,,,,,,,,,,,,,,,0.0,0.2396514117717743,0.0,,,
7870848414,"Sep 26, 2022, 4:49:11 PM",Evening Run,Run,,1805,4.40,168.0,30,false,,activities/8411835772.fit.gz,,,1805.0,1800.0,4402.009765625,3.19599986076355,2.445560932159424,41.0,35.0,-3.4000000953674316,4.800000190734863,11.428570747375488,0.14084476232528687,,,84.0,82.26094055175781,,145.4535369873047,,,291.0,,20.0,30.0,,,,,,,,,,,,,0.0,,1.0,4481.2001953125,,,,,,,,,,,,,,,,,,,,,,,,,,0.0,2.438786506652832,0.0,,,
7876226663,"Sep 27, 2022, 5:10:27 PM",Body Rotation Drills,Swim,"",2971,350,99.0,8,false,,activities/8417819471.fit.gz,,,2971.0,2966.0,350.0,1.9240000247955322,0.11800404638051987,0.0,,,,0.0,0.0,,,,22.0,,99.0,,,94.0,,26.0,8.0,,,,,,,,,,,0.0,,0.0,,1.0,,,,,,,,,,,,,,,,,,,,,,,,,,,0.0,0.11780545115470886,0.0,,,
7886095750,"Sep 29, 2022, 4:57:05 PM",Evening Run,Run,,3049,6.00,182.0,73,false,,activities/8428832921.fit.gz,,,3049.0,2654.0,6001.7001953125,3.7799885272979736,2.2613792419433594,55.0,56.0,0.20000000298023224,32.599998474121094,34.53903579711914,-0.3065797984600067,,,86.0,75.90536499023438,,155.91500854492188,,,428.0,,24.0,73.0,,,,,,,,,,,,,0.0,,1.0,6151.10009765625,,,,,,,,,,,,,,,,,,,,,,,,,,0.0,1.9684159755706787,0.0,,,
7890999619,"Sep 30, 2022, 5:11:19 PM",Body Rotation + Kick Drills,Swim,"",4227,775,,,false,,activities/8434339611.fit.gz,,,4227.0,4221.0,775.0,2.7780001163482666,0.18360577523708344,0.0,,,,0.0,0.0,,,,48.0,,,,,198.0,,26.0,,,,,,,,,,,,0.0,,0.0,,1.0,,,,,,,,,,,,,,,,,,,,,,,,,,,0.0,0.18334516882896423,0.0,,,
7892495293,"Oct 1, 2022, 5:37:45 AM",Morning Run,Run,,1938,4.04,174.0,58,false,,activities/8436028110.fit.gz,,,1938.0,1801.0,4039.530029296875,3.2780001163482666,2.2429373264312744,56.0,33.0,19.200000762939453,36.20000076293945,16.150739669799805,0.22774922847747803,,,84.0,82.35274505615234,,159.23265075683594,,,294.0,,28.0,58.0,,,,,,,,,,,,,0.0,,1.0,4162.60009765625,,,,,,,,,,,,,,,,,,,,,,,,,,0.0,2.084380865097046,0.0,,,
7892606102,"Oct 1, 2022, 6:21:53 AM",Morning Run,Run,,1370,0.58,154.0,1,false,,activities/8436154849.fit.gz,,,1370.0,126.0,580.25,7.14599609375,4.605158805847168,3.0,1.0,-12.600000381469727,-1.2000000476837158,16.467071533203125,-0.20680737495422363,,,114.0,99.32323455810547,,141.13223266601562,,,18.0,,29.0,1.0,,,,,,,,,,,,,0.0,,1.0,646.4000244140625,,,,,,,,,,,,,,,,,,,,,,,,,,0.0,0.4235401451587677,0.0,,,
7897653274,"Oct 2, 2022, 5:09:25 AM",Morning Run,Run,,2321,5.13,192.0,115,false,,activities/8441877304.fit.gz,,,2321.0,2243.0,5135.7998046875,3.8899903297424316,2.289701223373413,39.0,44.0,3.4000000953674316,18.0,9.054267883300781,-0.12461545318365097,,,88.0,79.10004425048828,,171.361328125,,,453.0,,26.0,115.0,,,,,,,,,,,,,0.0,,1.0,5192.0,,,,,,,,,,,,,,,,,,,,,,,,,,0.0,2.2127530574798584,0.0,,,
7911682233,"Oct 4, 2022, 6:15:54 PM",Night Swim,Swim,,1302,200,85.0,2,false,,activities/8457679666.fit.gz,,,1302.0,1293.0,200.0,1.472000002861023,0.1546790450811386,0.0,,,,0.0,0.0,,,,53.0,,85.0,,,46.0,,26.0,2.0,,,,,,,,,,,,,0.0,,1.0,,,,,,,,,,,,,,,,,,,,,,,,,,,0.0,0.15360982716083527,0.0,,,
7917528819,"Oct 5, 2022, 7:53:48 PM",Zwift - 4 X 4KM Z4,Virtual Ride,,4636,31.05,,,false,Trex,activities/8464226449.fit.gz,,9.479999542236328,4636.0,4636.0,31049.900390625,14.378125190734863,6.6975626945495605,149.0,0.0,-6.400000095367432,28.0,8.031944274902344,-0.007729492150247097,,,130.0,78.59149169921875,,0.0,,95.18864440917969,421.0,,,,,,,,,,,,109.0,4637.0,,,0.0,,1.0,,,,,,,,,,,,,,,,11102121.0,,,,,,,,,,,0.0,6.6975626945495605,0.0,,,
7922371549,"Oct 6, 2022, 7:33:17 PM",Zwift - Ramp Test,Virtual Ride,,723,4.47,176.0,6,false,Trex,activities/8469694738.fit.gz,,9.479999542236328,723.0,690.0,4476.3701171875,12.39599609375,6.487492561340332,20.0,0.0,2.200000047683716,14.800000190734863,7.504702091217041,0.0,,,92.0,80.43328094482422,,127.17271423339844,,101.45282745361328,67.0,,,6.0,,,,,,,,,131.0,724.0,,,0.0,,1.0,,,,,,,,,,,,,,,,11102121.0,,,,,,,,,,,0.0,6.191382884979248,0.0,,,
7926726994,"Oct 7, 2022, 5:13:37 PM",Evening Swim,Swim,,3319,250,90.0,6,false,,activities/8474638281.fit.gz,,,3319.0,696.0,250.0,10.0,0.35919541120529175,0.0,,,,0.0,0.0,,,,21.0,,90.0,,,59.0,,27.0,6.0,,,,,,,,,,,,,0.0,,1.0,,,,,,,,,,,,,,,,,,,,,,,,,,,0.0,0.07532389461994171,0.0,,,
7928801097,"Oct 8, 2022, 6:36:05 AM",Zwift -  Sub Threshold London,Virtual Ride,,5412,37.25,176.0,91,false,Trex,activities/8476999159.fit.gz,,9.479999542236328,5412.0,5412.0,37250.359375,15.201952934265137,6.8829193115234375,174.0,0.0,3.0,34.20000076293945,15.984394073486328,0.01771794818341732,,,94.0,85.28203582763672,,141.9872283935547,,104.40496063232422,539.0,,,91.0,,,,,,,,,111.0,5413.0,,,0.0,,1.0,,,,,,,,,,,,,,,,11102121.0,,,,,,,,,,,0.0,6.8829193115234375,1040.300048828125,,,
7935297521,"Oct 9, 2022, 9:59:40 AM",Geyik Koşusu 4K,Workout,"",2265,4.27,183.0,18,false,,activities/8484349881.fit.gz,,,2265.0,2239.0,4277.2900390625,4.912011623382568,1.9103573560714722,179.0,150.0,11.0,117.0,48.38612747192383,0.6499442458152771,,,,,,112.48651123046875,,,235.0,,22.0,18.0,,,,,,,,,,,0.0,,0.0,,1.0,,,,,,,,,,,,,,,,,,,,,,,,,,,0.0,1.8884283304214478,3553.300048828125,,,
7942802800,"Oct 10, 2022, 5:49:50 PM",Zwift - Interval + Ramp Up in France,Virtual Ride,,3733,27.16,176.0,55,false,Trex,activities/8492938969.fit.gz,,9.479999542236328,3733.0,3733.0,27163.779296875,14.337890625,7.2766618728637695,133.0,0.0,10.399999618530273,34.0,6.116165637969971,-0.001472547766752541,,,102.0,74.08192443847656,,138.52587890625,,101.74309539794922,362.0,,,55.0,,,,,,,,,124.0,3734.0,,,0.0,,1.0,,,,,,,,,,,,,,,,11102121.0,,,,,,,,,,,0.0,7.2766618728637695,0.0,,,
7948091536,"Oct 11, 2022, 6:04:31 PM",Night Swim,Swim,,2511,400,79.0,4,false,,activities/8498861564.fit.gz,,,2511.0,2419.0,400.0,1.472000002861023,0.1653575897216797,0.0,,,,0.0,0.0,,,,23.0,,79.0,,,87.0,,26.0,4.0,,,,,,,,,,,,,0.0,,1.0,,,,,,,,,,,,,,,,,,,,,,,,,,,0.0,0.1592990905046463,0.0,,,
7953530396,"Oct 12, 2022, 6:04:02 PM",Night Run,Run,,2038,4.64,174.0,32,false,,activities/8504965094.fit.gz,,,2038.0,2016.0,4642.2001953125,3.625,2.3026785850524902,43.0,69.0,-32.599998474121094,1.2000000476837158,17.064769744873047,-0.5988540053367615,,,89.0,77.13184356689453,,144.07643127441406,,,318.0,,18.0,32.0,,,,,,,,,,,,,0.0,,1.0,4678.5,,,,,,,,,,,,,,,,,,,,,,,,,,0.0,2.2778215408325195,0.0,,,
7958525635,"Oct 13, 2022, 5:12:11 PM",Evening Swim,Swim,,3397,575,,,false,,activities/8510602288.fit.gz,,,3397.0,2799.0,575.0,1.9240000247955322,0.2054305076599121,0.0,,,,0.0,0.0,,,,24.0,,,,,158.0,,26.0,,,,,,,,,,,,,,0.0,,1.0,,,,,,,,,,,,,,,,,,,,,,,,,,,0.0,0.16926699876785278,0.0,,,
7958525840,"Oct 13, 2022, 6:23:40 PM",Night Weight Training,Weight Training,,50,0,108.0,0,false,,activities/8510602536.fit.gz,,,50.0,50.0,0.0,0.0,0.0,0.0,,,,0.0,0.0,,,,,,96.23999786376953,,,3.0,,28.0,0.0,,,,,,,,,,,,,0.0,,1.0,,,,,,,,,,,,,,,,,,,,,,,,,,,0.0,0.0,0.0,,,
7958526044,"Oct 13, 2022, 6:25:07 PM",Night Weight Training,Weight Training,,684,0,118.0,1,false,,activities/8510602741.fit.gz,,,684.0,684.0,0.0,0.0,0.0,0.0,,,,0.0,0.0,,,,,,104.20906066894531,,,62.0,,28.0,1.0,,,,,,,,,,,,,0.0,,1.0,,,,,,,,,,,,,,,,,,,,,,,,,,,0.0,0.0,0.0,,,
7962904067,"Oct 14, 2022, 6:13:41 PM",Zwift - Zone Benchmarking in Watopia,Virtual Ride,,1818,10.80,167.0,20,false,Trex,activities/8515529032.fit.gz,,9.479999542236328,1818.0,1818.0,10800.759765625,16.72607421875,5.941011905670166,124.0,0.0,1.2000000476837158,57.79999923706055,13.295306205749512,0.10739985853433609,,,101.0,75.99665832519531,,134.6236114501953,,102.60975646972656,177.0,,,20.0,,,,,,,,,115.0,1819.0,,,0.0,,1.0,,,,,,,,,,,,,,,,11102121.0,,,,,,,,,,,0.0,5.941011905670166,0.0,,,
7966008277,"Oct 15, 2022, 11:18:58 AM",Afternoon Swim,Swim,,2020,450,151.0,16,false,,activities/8519014485.fit.gz,,,2020.0,2013.0,450.0,1.315999984741211,0.22354695200920105,0.0,,,,0.0,0.0,,,,38.0,,122.61359405517578,,,97.0,,25.0,16.0,,,,,,,,,,,,,0.0,,1.0,,,,,,,,,,,,,,,,,,,,,,,,,,,0.0,0.2227722704410553,0.0,,,
7966321993,"Oct 15, 2022, 12:05:26 PM",Afternoon Ride,Ride,,3011,0.84,177.0,35,false,Trex,activities/8519367324.fit.gz,,9.479999542236328,3011.0,3011.0,845.1900024414062,8.9975004196167,0.28070077300071716,0.0,,,,0.0,0.0,,,,,,133.48057556152344,,,417.0,,28.0,35.0,,,,,,,,,,,,,0.0,,1.0,,,,,,,,,,,,,,,,11102121.0,,,,,,,,,,,0.0,0.28070077300071716,0.0,,,
7966529204,"Oct 15, 2022, 12:59:11 PM",Afternoon Run,Run,,2104,5.04,161.0,5,false,,activities/8519599157.fit.gz,,,2104.0,2104.0,5048.22021484375,2.660003662109375,2.3993442058563232,0.0,,,,0.0,0.0,,,85.0,82.0579833984375,,81.6197738647461,,,120.0,,26.0,5.0,,,,,,,,,,,,,0.0,,1.0,,,,,,,,,,,,,,,,,,,,,,,,,,,0.0,2.3993442058563232,0.0,,,
7970193228,"Oct 16, 2022, 7:13:12 AM",Morning Ride,Ride,,3709,23.60,168.0,83,false,Trex,activities/8523937549.fit.gz,,9.479999542236328,3709.0,3594.0,23599.73046875,9.097412109375,6.566424369812012,172.0,114.0,-40.79999923706055,56.0,30.117666244506836,0.24491804838180542,,,106.0,85.01814270019531,,150.21702575683594,,,587.0,,21.0,83.0,,,,,,,,,,,,,0.0,,1.0,,,,,,,,,,,,,,,,11102121.0,,,,,,,,,,,0.0,6.362828254699707,0.0,,,
7970199587,"Oct 16, 2022, 8:15:38 AM",Lunch Run,Run,,535,1.51,177.0,22,false,,activities/8523943956.fit.gz,,,535.0,535.0,1510.1800537109375,3.3333332538604736,2.8227665424346924,15.0,0.0,15.199999809265137,30.200000762939453,4.444441795349121,0.9667721390724182,,,87.0,84.82041931152344,,165.0749053955078,,,105.0,,19.0,22.0,,,,,,,,,,,,,0.0,,1.0,1550.5999755859375,,,,,,,,,,,,,,,,,,,,,,,,,,0.0,2.8227665424346924,0.0,,,
7983684606,"Oct 18, 2022, 5:07:22 PM",Zwift - Garmin945 Issues in Watopia,Virtual Ride,,3727,28.39,173.0,66,false,Trex,activities/8540042895.fit.gz,,9.479999542236328,3727.0,3727.0,28392.9609375,14.485937118530273,7.618180751800537,84.0,0.0,-6.400000095367432,28.0,4.23950719833374,0.00422639911994338,,,101.0,76.87763214111328,,144.01210021972656,,100.175048828125,356.0,,,66.0,,,,,,,,,111.0,3728.0,,,0.0,,1.0,,,,,,,,,,,,,,,,11102121.0,,,,,,,,,,,0.0,7.618180751800537,0.0,,,
7989185653,"Oct 19, 2022, 5:24:44 PM",Evening Run,Run,,5904,9.45,176.0,116,false,,activities/8546236187.fit.gz,,,5904.0,4181.0,9453.0302734375,5.189990043640137,2.2609496116638184,7.0,7.0,-1.600000023841858,0.800000011920929,13.544227600097656,0.0021157236769795418,,,94.0,79.96126556396484,,155.2504119873047,,,925.0,,20.0,116.0,,,,,,,,,,,,,0.0,,1.0,9481.900390625,,,,,,,,,,,,,,,,,,,,,,,,,,0.0,1.6011229753494263,0.0,,,
7998318484,"Oct 21, 2022, 5:54:24 PM",Zwift - Ballantine's Endurance  in Watopia,Virtual Ride,,5718,42.35,151.0,64,false,Trex,activities/8556501630.fit.gz,,9.479999542236328,5718.0,5718.0,42354.91015625,9.748046875,7.407294750213623,64.0,0.0,12.600000381469727,17.600000381469727,2.9563910961151123,0.0009443996241316199,,,105.0,88.37679290771484,,136.82257080078125,,91.95538330078125,502.0,,,64.0,,,,,,,,,95.0,5719.0,,,0.0,,1.0,,,,,,,,,,,,,,,,11102121.0,,,,,,,,,,,0.0,7.407294750213623,0.0,,,
8000022065,"Oct 22, 2022, 7:39:12 AM",Morning Ride,Ride,,938,5.01,142.0,4,false,Trex,activities/8558435948.fit.gz,,9.479999542236328,938.0,898.0,5009.35009765625,6.863321781158447,5.578341007232666,25.0,26.0,-2.4000000953674316,1.2000000476837158,5.422502040863037,-0.023955203592777252,,,,,,127.56793212890625,,,124.0,,23.0,4.0,,,,,,,,,,,,,0.0,,1.0,,,,,,,,,,,,,,,,11102121.0,,,,,,,,,,,0.0,5.340458393096924,0.0,,,
8000230978,"Oct 22, 2022, 8:04:25 AM",Lunch Ride,Ride,,2235,14.56,177.0,62,false,Trex,activities/8558667566.fit.gz,,9.479999542236328,2235.0,2235.0,14565.7998046875,11.919921875,6.517136573791504,85.0,85.0,-5.400000095367432,5.199999809265137,12.734573364257812,0.0,,,,,,154.37600708007812,,,370.0,,21.0,62.0,,,,,,,,,,,,,0.0,,1.0,,,,,,,,,,,,,,,,11102121.0,,,,,,,,,,,0.0,6.517136573791504,0.0,,,
8005027864,"Oct 23, 2022, 4:23:55 AM",Morning Ride,Ride,"",3351,26.35,184.0,129,false,Trex,activities/8564139083.fit.gz,,9.479999542236328,3351.0,3268.0,26352.859375,13.878125190734863,8.063910484313965,30.0,33.0,-3.4000000953674316,12.199999809265137,14.286711692810059,-0.012901825830340385,,,,,,163.38563537597656,,,594.0,,18.0,129.0,,,,,,,,,,,0.0,,0.0,,1.0,,,,,,,,,,,,,,,,11102121.0,,,,,,,,,,,0.0,7.864177703857422,0.0,,,
8023547931,"Oct 26, 2022, 4:41:18 PM",Evening Run,Run,,4733,8.93,183.0,92,false,,activities/8585146192.fit.gz,,,4733.0,3698.0,8929.740234375,3.60400390625,2.414748430252075,15.0,14.0,-2.200000047683716,1.7999999523162842,7.93022346496582,-0.002239706926047802,,,84.0,78.04190826416016,,152.79873657226562,,,638.0,,20.0,92.0,,,,,,,,,,,,,0.0,,1.0,8968.0,,,,,,,,,,,,,,,,,,,,,,,,,,0.0,1.8866976499557495,0.0,,,
8035156605,"Oct 29, 2022, 6:23:07 AM",Morning Ride,Ride,,3834,22.70,162.0,47,false,Trex,activities/8598277487.fit.gz,,9.479999542236328,3834.0,3834.0,22699.060546875,8.295247077941895,5.920464038848877,76.0,75.0,-3.5999999046325684,3.799999952316284,18.02817153930664,0.0026432813610881567,,,,,,136.08200073242188,,,507.0,,22.0,47.0,,,,,,,,,,,,,0.0,,1.0,,,,,,,,,,,,,,,,11102121.0,,,,,,,,,,,0.0,5.920464038848877,0.0,,,
8041670985,"Oct 30, 2022, 9:39:22 AM",Lunch Run,Run,,4610,10.33,180.0,150,false,,activities/8605675881.fit.gz,,,4610.0,4081.0,10338.1396484375,3.13494873046875,2.5332369804382324,30.0,31.0,-1.7999999523162842,2.200000047683716,10.509705543518066,0.015476671978831291,,,86.0,82.77679443359375,,162.2174072265625,,,746.0,,26.0,150.0,,,,,,,,,,,,,0.0,,1.0,10395.7001953125,,,,,,,,,,,,,,,,,,,,,,,,,,0.0,2.242546558380127,0.0,,,
8054110213,"Nov 1, 2022, 6:07:48 PM",Night Workout,Workout,,2248,0,115.0,4,false,,activities/8619976317.fit.gz,,,2248.0,2248.0,0.0,0.0,0.0,0.0,,,,0.0,0.0,,,58.0,57.42856979370117,,92.9639663696289,,,137.0,,27.0,4.0,,,,,,,,,,,,,0.0,,1.0,,,,,,,,,,,,,,,,,,,,,,,,,,,0.0,0.0,0.0,,,
8063773712,"Nov 3, 2022, 6:15:02 PM",Night Workout,Workout,,1835,0,121.0,4,false,,activities/8630855563.fit.gz,,,1835.0,1835.0,0.0,0.0,0.0,0.0,,,,0.0,0.0,,,77.0,77.0,,98.1068115234375,,,127.0,,27.0,4.0,,,,,,,,,,,,,0.0,,1.0,,,,,,,,,,,,,,,,,,,,,,,,,,,0.0,0.0,0.0,,,
8069990372,"Nov 5, 2022, 4:38:24 AM",Morning Ride,Ride,,4801,30.62,175.0,103,false,Trex,activities/8637876666.fit.gz,,9.479999542236328,4801.0,4313.0,30627.26953125,9.884974479675293,7.101152420043945,26.0,33.0,-5.599999904632568,5.199999809265137,19.006282806396484,-0.011754230596125126,,,103.0,84.42205810546875,,151.15940856933594,,,627.0,,18.0,103.0,,,,,,,,,,,,,0.0,,1.0,,,,,,,,,,,,,,,,11102121.0,,,,,,,,,,,0.0,6.37935209274292,0.0,,,
8088355947,"Nov 8, 2022, 6:05:20 PM",Night Workout,Workout,,2229,0,138.0,6,false,,activities/8658748382.fit.gz,,,2229.0,2229.0,0.0,0.0,0.0,0.0,,,,0.0,0.0,,,69.0,55.71428680419922,,108.3593521118164,,,191.0,,26.0,6.0,,,,,,,,,,,,,0.0,,1.0,,,,,,,,,,,,,,,,,,,,,,,,,,,0.0,0.0,0.0,,,
8093099061,"Nov 9, 2022, 4:51:05 PM",Evening Run,Run,,3734,3.27,185.0,60,false,,activities/8664059820.fit.gz,,,3734.0,1505.0,3269.39990234375,6.702002048492432,2.172358751296997,12.0,12.0,-2.200000047683716,1.2000000476837158,14.611611366271973,-0.04282131418585777,,,113.0,74.83167266845703,,165.9439697265625,,,270.0,,18.0,60.0,,,,,,,,,,,,,0.0,,1.0,3299.60009765625,,,,,,,,,,,,,,,,,,,,,,,,,,0.0,0.8755757808685303,0.0,,,
8098196773,"Nov 10, 2022, 6:08:45 PM",Night Workout,Workout,,2563,0,122.0,6,false,,activities/8669756395.fit.gz,,,2563.0,2563.0,0.0,0.0,0.0,0.0,,,,0.0,0.0,,,73.0,73.0,,101.36090850830078,,,174.0,,27.0,6.0,,,,,,,,,,,,,0.0,,1.0,,,,,,,,,,,,,,,,,,,,,,,,,,,0.0,0.0,0.0,,,
8102911159,"Nov 11, 2022, 5:44:26 PM",Evening Run,Run,,583,0.48,175.0,8,false,,activities/8675067591.fit.gz,,,583.0,223.0,484.07000732421875,3.9580016136169434,2.170717477798462,0.0,0.0,-1.600000023841858,0.20000000298023224,13.513413429260254,-0.04131633788347244,,,83.0,66.96744537353516,,164.37156677246094,,,94.0,,21.0,8.0,,,,,,,,,,,,,0.0,,1.0,489.6000061035156,,,,,,,,,,,,,,,,,,,,,,,,,,0.0,0.830308735370636,0.0,,,
8102911418,"Nov 11, 2022, 6:05:05 PM",Night Run,Run,,74,0.35,198.0,5,false,,activities/8675067874.fit.gz,,,74.0,74.0,353.3500061035156,5.722499847412109,4.775000095367432,0.0,1.0,-2.0,0.0,1.6528916358947754,-0.45280882716178894,,,96.0,89.95890045166016,,192.2739715576172,,,17.0,,19.0,5.0,,,,,,,,,,,,,0.0,,1.0,350.8999938964844,,,,,,,,,,,,,,,,,,,,,,,,,,0.0,4.775000095367432,0.0,,,
8103327625,"Nov 11, 2022, 6:31:01 PM",Night Run,Run,,91,0.42,190.0,6,false,,activities/8675562105.fit.gz,,,91.0,87.0,423.3800048828125,6.425000190734863,4.866436958312988,1.0,1.0,-1.399999976158142,0.4000000059604645,6.546627998352051,0.09447777271270752,,,100.0,90.0,,185.34483337402344,,,18.0,,18.0,6.0,,,,,,,,,,,,,0.0,,1.0,428.3999938964844,,,,,,,,,,,,,,,,,,,,,,,,,,0.0,4.652527332305908,0.0,,,
8108647062,"Nov 12, 2022, 7:59:06 PM",Zwift - BrickNr1-CYCLING in Watopia,Virtual Ride,,3446,22.60,153.0,41,false,Trex,activities/8681628940.fit.gz,,9.479999542236328,3446.0,3314.0,22601.25,12.329980850219727,6.819930553436279,95.0,0.0,-6.199999809265137,20.0,15.398481369018555,0.025662297382950783,,,110.0,79.0605697631836,,137.95135498046875,,96.13745880126953,304.0,,,41.0,,,,,,,,,100.0,3447.0,,,0.0,,1.0,,,,,,,,,,,,,,,,11102121.0,,,,,,,,,,,0.0,6.558691024780273,0.0,,,
8108737963,"Nov 12, 2022, 9:03:45 PM",Zwift - BrickNr1 in Makuri Islands,Virtual Run,,1316,2.45,172.0,42,false,,activities/8681734834.fit.gz,,,1316.0,1172.0,2450.81005859375,2.210009813308716,2.091134786605835,0.0,0.0,0.0,1.0,9.980039596557617,0.040802836418151855,,,77.0,73.75,,161.98805236816406,,,121.0,,,42.0,,,,,,,,,,,,,0.0,,1.0,2455.5,,,,,,,,,,,,,,,,,,,,,,,,,,0.0,1.862317681312561,0.0,,,
8110127385,"Nov 13, 2022, 7:38:43 AM",Morning Ride,Ride,,3855,25.92,178.0,101,false,Trex,activities/8683350259.fit.gz,,9.479999542236328,3855.0,3822.0,25923.310546875,10.360156059265137,6.782655715942383,63.0,64.0,-1.2000000476837158,1.399999976158142,7.245283126831055,0.0,,,107.0,89.68280029296875,,153.6134490966797,,,578.0,,19.0,101.0,,,,,,,,,,,,,0.0,,1.0,,,,,,,,,,,,,,,,11102121.0,,,,,,,,,,,0.0,6.7245941162109375,0.0,,,
8110187645,"Nov 13, 2022, 8:46:54 AM",Lunch Run,Run,,625,1.57,177.0,28,false,,activities/8683420488.fit.gz,,,625.0,625.0,1569.1700439453125,3.138000011444092,2.510672092437744,1.0,1.0,-1.2000000476837158,0.6000000238418579,4.554653644561768,0.012745591811835766,,,83.0,81.38079833984375,,168.41439819335938,,,112.0,,23.0,28.0,,,,,,,,,,,,,0.0,,1.0,1573.800048828125,,,,,,,,,,,,,,,,,,,,,,,,,,0.0,2.510672092437744,0.0,,,
8122813741,"Nov 15, 2022, 6:07:11 PM",Night Workout,Workout,,2642,0,141.0,7,false,,activities/8697773049.fit.gz,,,2642.0,2642.0,0.0,0.0,0.0,0.0,,,,0.0,0.0,,,79.0,79.0,,106.16313171386719,,,182.0,,25.0,7.0,,,,,,,,,,,,,0.0,,1.0,,,,,,,,,,,,,,,,,,,,,,,,,,,0.0,0.0,0.0,,,
8123490099,"Nov 15, 2022, 8:28:32 PM",Zwift - 14x1min Z3,Virtual Ride,,3195,23.28,157.0,37,false,Trex,activities/8698525883.fit.gz,,9.479999542236328,3195.0,3195.0,23284.451171875,12.701952934265137,7.287777900695801,111.0,0.0,2.200000047683716,14.800000190734863,10.752540588378906,-0.030062979087233543,,,118.0,79.00502014160156,,137.5654754638672,,96.7947998046875,295.0,,,37.0,,,,,,,,,103.0,3196.0,,,0.0,,1.0,,,,,,,,,,,,,,,,11102121.0,,,,,,,,,,,0.0,7.287777900695801,0.0,,,
8131857146,"Nov 17, 2022, 6:09:42 PM",Night Workout,Workout,,2412,0,125.0,7,false,,activities/8707923741.fit.gz,,,2412.0,2412.0,0.0,0.0,0.0,0.0,,,,0.0,0.0,,,97.0,57.66666793823242,,108.592041015625,,,176.0,,27.0,7.0,,,,,,,,,,,,,0.0,,1.0,,,,,,,,,,,,,,,,,,,,,,,,,,,0.0,0.0,0.0,,,
8136096193,"Nov 18, 2022, 6:00:00 PM",Night Swim,Swim,,2406,325,163.0,31,false,,activities/8712694339.fit.gz,,,2406.0,2355.0,325.0,1.9240000247955322,0.13800424337387085,0.0,,,,0.0,0.0,,,,24.0,,131.020263671875,,,97.0,,,31.0,,,,,,,,,,,,,0.0,,1.0,,,,,,,,,,,,,,,,,,,,,,,,,,,0.0,0.13507896661758423,0.0,,,
8139030344,"Nov 19, 2022, 11:00:42 AM",Afternoon Run,Run,"",4176,6.60,182.0,88,false,,activities/8715993220.fit.gz,,,4176.0,2922.0,6607.35986328125,4.042040824890137,2.2612457275390625,0.0,1.0,-1.7999999523162842,0.0,6.629843235015869,-0.006053855177015066,,,89.0,76.86973571777344,,157.8988800048828,,,463.0,,25.0,88.0,,,,,,,,,,,0.0,,0.0,,1.0,6612.7001953125,,,,,,,,,,,,,,,,,,,,,,,,,,0.0,1.5822222232818604,0.0,,,
8144681849,"Nov 20, 2022, 11:45:30 AM",Zwift -  2 Hour Z2-Z3,Virtual Ride,,7963,54.32,164.0,146,false,Trex,activities/8722454475.fit.gz,,9.479999542236328,7963.0,7204.0,54323.328125,14.314062118530273,7.540717601776123,299.0,0.0,61.79999923706055,140.1999969482422,11.616533279418945,-0.07142418622970581,,,104.0,77.95474243164062,,146.11289978027344,,118.87640380859375,818.0,,,146.0,,,,,,,,,117.0,7751.0,,,0.0,,1.0,,,,,,,,,,,,,,,,11102121.0,,,,,,,,,,,0.0,6.821968078613281,0.0,,,
8149495961,"Nov 21, 2022, 4:42:43 PM",Zwift - 2xRamp Up,Virtual Ride,,3555,23.93,162.0,35,false,Trex,activities/8728007437.fit.gz,,9.479999542236328,3555.0,3555.0,23932.458984375,12.448046684265137,6.732056140899658,86.0,0.0,-6.199999809265137,15.600000381469727,6.0605902671813965,-0.029248978942632675,,,95.0,76.38910675048828,,132.75393676757812,,93.33980560302734,316.0,,,35.0,,,,,,,,,105.0,3556.0,,,0.0,,1.0,,,,,,,,,,,,,,,,11102121.0,,,,,,,,,,,0.0,6.732056140899658,0.0,,,
8154262315,"Nov 22, 2022, 6:07:20 PM",Night Workout,Workout,,2873,0,110.0,5,false,,activities/8733334605.fit.gz,,,2873.0,2873.0,0.0,0.0,0.0,0.0,,,,0.0,0.0,,,73.0,53.85454559326172,,88.16986083984375,,,137.0,,26.0,5.0,,,,,,,,,,,,,0.0,,1.0,,,,,,,,,,,,,,,,,,,,,,,,,,,0.0,0.0,0.0,,,
8158932584,"Nov 23, 2022, 6:09:23 PM",Zwift - Trainer in Watopia,Virtual Ride,,4147,25.72,169.0,76,false,Trex,activities/8738545374.fit.gz,,9.479999542236328,4147.0,4147.0,25723.94140625,17.095996856689453,6.203023910522461,302.0,0.0,1.2000000476837158,57.79999923706055,13.888945579528809,0.027212005108594894,,,99.0,76.51605224609375,,144.90931701660156,,101.20694732666016,401.0,,,76.0,,,,,,,,,113.0,4148.0,,,0.0,,1.0,,,,,,,,,,,,,,,,11102121.0,,,,,,,,,,,0.0,6.203023910522461,0.0,,,
8176189306,"Nov 27, 2022, 12:45:10 PM",Afternoon Ride,Ride,,6251,40.05,162.0,103,false,Trex,activities/8758042191.fit.gz,,9.479999542236328,6251.0,6080.0,40049.6484375,9.666015625,6.587113380432129,93.0,34.0,-1.399999976158142,1.7999999523162842,6.002931594848633,-0.0009987603407353163,,,94.0,74.9947280883789,,143.62464904785156,,,802.0,,11.0,103.0,,,,,,,,,,,,,0.0,,1.0,,,,,,,,,,,,,,,,11102121.0,,,,,,,,,,,0.0,6.406918525695801,0.0,,,
8185813590,"Nov 29, 2022, 6:06:05 PM",Night Workout,Workout,,2602,0,124.0,6,false,,activities/8768867663.fit.gz,,,2602.0,2602.0,0.0,0.0,0.0,0.0,,,,0.0,0.0,,,77.0,68.85713958740234,,99.06417846679688,,,162.0,,26.0,6.0,,,,,,,,,,,,,0.0,,1.0,,,,,,,,,,,,,,,,,,,,,,,,,,,0.0,0.0,0.0,,,
8187586358,"Nov 30, 2022, 3:52:19 AM",Morning Ride,Ride,,3542,22.01,165.0,53,false,Trex,activities/8770828112.fit.gz,,9.479999542236328,3542.0,3542.0,22010.23046875,9.658007621765137,6.214068412780762,0.0,,,,0.0,0.0,,,155.0,78.04866790771484,,138.1891632080078,,85.0756607055664,379.0,,26.0,53.0,301356.0,,,,,,,,96.0,3427.0,,,0.0,,1.0,,,,,,,,,,,,,,,,11102121.0,,,,,,,,,,,0.0,6.214068412780762,0.0,,,
8190269977,"Nov 30, 2022, 5:11:53 PM",Evening Swim,Swim,,3863,450,152.0,17,false,,activities/8773837654.fit.gz,,,3863.0,3462.0,450.0,1.25,0.12998266518115997,0.0,,,,0.0,0.0,,,,31.0,,110.9949722290039,,,112.0,,,17.0,,,,,,,,,,,,,0.0,,1.0,,,,,,,,,,,,,,,,,,,,,,,,,,,0.0,0.11648977547883987,0.0,,,
8200742569,"Dec 3, 2022, 9:18:09 AM",Lunch Workout,Workout,,2976,0,134.0,8,false,,activities/8785558964.fit.gz,,,2976.0,2976.0,0.0,0.0,0.0,0.0,,,,0.0,0.0,,,71.0,52.95000076293945,,104.9472427368164,,,203.0,,25.0,8.0,,,,,,,,,,,,,0.0,,1.0,,,,,,,,,,,,,,,,,,,,,,,,,,,0.0,0.0,0.0,,,
8204624257,"Dec 4, 2022, 6:09:24 AM",Morning Run,Run,,3561,4.02,190.0,66,false,,activities/8789953302.fit.gz,,,3561.0,2092.0,4020.949951171875,3.9800047874450684,1.9220601320266724,94.0,104.0,102.19999694824219,143.60000610351562,48.780006408691406,0.31335875391960144,,,93.0,76.46920776367188,,162.45956420898438,,,326.0,,17.0,66.0,,,,,,,,,,,,,0.0,,1.0,4438.60009765625,,,,,,,,,,,,,,,,,,,,,,,,,,0.0,1.129163146018982,0.0,,,
8211436115,"Dec 5, 2022, 5:24:50 PM",Evening Run,Run,,3859,5.83,155.0,31,false,,activities/8797728948.fit.gz,,,3859.0,3611.0,5831.919921875,2.9733333587646484,1.6150429248809814,13.0,11.0,-1.0,2.200000047683716,7.38011360168457,0.013717609457671642,,,89.0,67.2933578491211,,129.88792419433594,,,366.0,,21.0,31.0,,,,,,,,,,,,,0.0,,1.0,5867.0,,,,,,,,,,,,,,,,,,,,,,,,,,0.0,1.5112515687942505,0.0,,,
8216427729,"Dec 6, 2022, 7:24:36 PM",Zwift - IntervalNYC on Watopia's Waistband in Watopia,Virtual Ride,,3858,23.77,156.0,40,false,Trex,activities/8803288435.fit.gz,,9.479999542236328,3858.0,3858.0,23778.640625,15.024023056030273,6.163463115692139,181.0,0.0,11.199999809265137,82.5999984741211,8.69565200805664,0.0016821804456412792,,,85.0,66.8229751586914,,132.73040771484375,,76.59418487548828,282.0,,,40.0,,,,,,,,,89.0,3859.0,,,0.0,,1.0,,,,,,,,,,,,,,,,11102121.0,,,,,,,,,,,0.0,6.163463115692139,0.0,,,
8220206727,"Dec 7, 2022, 5:20:44 PM",FS + Fins,Swim,"",3258,"1,025",159.0,49,false,,activities/8807528442.fit.gz,,,3258.0,3191.0,1025.0,1.5640000104904175,0.3212159276008606,0.0,,,,0.0,0.0,,,,28.0,,133.26602172851562,,,234.0,,,49.0,,,,,,,,,,,0.0,,0.0,,1.0,,,,,,,,,,,,,,,,,,,,,,,,,,,0.0,0.31461018323898315,0.0,,,
8220330339,"Dec 7, 2022, 6:29:53 PM",Night Weight Training,Weight Training,,818,0,142.0,3,false,,activities/8807664180.fit.gz,,,818.0,818.0,0.0,0.0,0.0,0.0,,,,0.0,0.0,,,,,,128.32151794433594,,,101.0,,28.0,3.0,,,,,,,,,,,,,0.0,,1.0,,,,,,,,,,,,,,,,,,,,,,,,,,,0.0,0.0,0.0,,,
8224881055,"Dec 8, 2022, 7:07:15 PM",Zwift - IntervalNYC in Makuri Islands,Virtual Ride,,4210,17.17,158.0,33,false,Trex,activities/8812975311.fit.gz,,9.479999542236328,4210.0,4210.0,17172.98828125,14.938085556030273,4.079094886779785,241.0,0.0,67.5999984741211,223.39999389648438,11.988262176513672,0.25854554772377014,,,88.0,68.7297134399414,,126.0563735961914,,80.28853607177734,322.0,,,33.0,,,,,,,,,100.0,4211.0,,,0.0,,1.0,,,,,,,,,,,,,,,,11102121.0,,,,,,,,,,,0.0,4.079094886779785,0.0,,,
