Following Athlete ID,Follow Status,Created At
38107706,Accepted,"Mar 2, 2020, 6:36:45 AM"
95122329,Accepted,"Apr 23, 2022, 3:07:49 PM"
1312547,Accepted,"Jun 21, 2022, 7:37:43 AM"
9159452,Accepted,"Aug 7, 2022, 1:42:28 PM"
2560748,Accepted,"Aug 14, 2022, 1:17:18 PM"
18400861,Accepted,"Sep 27, 2022, 5:26:12 AM"
44918316,Accepted,"Oct 6, 2022, 2:40:55 PM"
12909420,Accepted,"Oct 6, 2022, 2:41:19 PM"
15313207,Accepted,"Oct 6, 2022, 2:41:28 PM"
24665051,Accepted,"Oct 23, 2022, 9:50:04 AM"
20921585,Accepted,"Oct 26, 2022, 7:38:14 PM"
47787185,Accepted,"Nov 5, 2022, 6:59:50 AM"
87544114,Accepted,"Nov 11, 2022, 9:14:32 PM"
27990233,Pending,"Nov 11, 2022, 9:14:32 PM"
9387511,Accepted,"Nov 11, 2022, 9:14:37 PM"
9892411,Accepted,"Nov 11, 2022, 9:14:41 PM"
44577924,Accepted,"Nov 11, 2022, 9:14:49 PM"
3366191,Accepted,"Nov 11, 2022, 9:14:56 PM"
45070827,Accepted,"Nov 11, 2022, 9:15:17 PM"
25356379,Accepted,"Nov 11, 2022, 9:16:26 PM"
10047995,Accepted,"Dec 9, 2022, 6:36:41 AM"
