Follower Athlete ID,Follow Status,Created At
38107706,Accepted,"Mar 2, 2020, 6:38:04 AM"
95122329,Accepted,"Apr 23, 2022, 10:59:31 AM"
1312547,Accepted,"Jun 21, 2022, 11:37:19 AM"
9159452,Accepted,"Aug 7, 2022, 2:32:20 PM"
18400861,Accepted,"Sep 27, 2022, 11:25:01 AM"
44918316,Accepted,"Oct 6, 2022, 5:45:24 PM"
24665051,Accepted,"Oct 23, 2022, 9:59:55 AM"
20921585,Accepted,"Oct 27, 2022, 5:39:10 AM"
9892411,Accepted,"Nov 11, 2022, 9:17:44 PM"
9387511,Accepted,"Nov 11, 2022, 9:50:25 PM"
87544114,Accepted,"Nov 11, 2022, 9:52:38 PM"
45070827,Accepted,"Nov 12, 2022, 7:18:21 AM"
3366191,Accepted,"Nov 14, 2022, 8:06:25 PM"
