Promotion Seen,Timestamp
FeedFollowOptionCoachmark,1592041187
GapActivityDetailUpsell,1661756613
GapActivityDetailUpsell,1661756616
GapActivityDetailUpsell,1662015505
GapActivityDetailUpsell,1667742275
GapActivityDetailFeatureEd,1661197754
GapActivityDetailFeatureEd,1661197769
GapActivityDetailFeatureEd,1661231936
EvergreenStatsShareFeatureEd,1657096712
NavigationTabHome,1650681290
NavigationTabMaps,1650681308
NavigationTabYou,1650681314
NavigationTabYouProgress,1650681314
NavigationTabYouActivities,1650681318
NavigationTabYouProfile,1650681322
NavigationTabMapsSegments,1650681384
NavigationTabMapsRoutes,1650681307
NavigationTabMapsSaved,1655724448
NavigationTabGroupsChallenges,1650711128
NavigationTabGroupsClubs,1659381769
NavigationYouProgressEducationCoachmarkImpression,1650681314
NavigationYouProgressEducationCoachmarkImpression,1650726491
NavigationYouProgressEducationCoachmarkImpression,1652948541
NavigationYouProgressEducationCoachmarkImpression,1655724334
NavigationYouProgressEducationCoachmarkImpression,1655796992
NavigationYouProgressEducationCoachmarkImpression,1655872725
NavigationYouActivitiesEducationCoachmarkImpression,1650681319
NavigationYouActivitiesEducationCoachmarkImpression,1650704098
NavigationYouActivitiesEducationCoachmarkImpression,1650704101
NavigationYouActivitiesEducationCoachmarkImpression,1650704104
NavigationYouActivitiesEducationCoachmarkImpression,1651384266
NavigationYouActivitiesEducationCoachmarkImpression,1651384269
NavigationTabEducationModalGroupsJ2,1650681311
ActivityDetailsLeaderboardQualityCoachmark,1660022079
ActivityDetailsLeaderboardQualityCoachmark,1660027240
RecordScreenBeaconCoachmark,1650697821
MapSettingsPersonalHeatmapCoachmark,1650681308
MapVisibilityFeedCoachmarkImpression,1662096304
MapVisibilityFeedCoachmarkImpression,1662212520
MapVisibilityFeedCoachmarkImpression,1662282841
MapVisibilityFeedCoachmarkImpression,1662366263
MapVisibilityFeedCoachmarkImpression,1662491944
MapVisibilityFeedCoachmarkImpression,1662494784
MapVisibilityRowReinforcementImpression,1663011683
MapVisibilityRowReinforcementImpression,1663011700
MapVisibilityRowReinforcementDismissed,1663011771
MapVisibilityActivityCoachmarkImpression,1650704238
MapVisibilityActivityCoachmarkImpression,1650711138
MapVisibilityActivityCoachmarkImpression,1650711157
MapVisibilityActivityCoachmarkImpression,1650711327
MapVisibilityActivityCoachmarkImpression,1650711374
MapVisibilityActivityCoachmarkImpression,1650726472
WelcomeBackKudosCoachmarkImpression,1660483220
WelcomeBackKudosCoachmarkImpression,1660587902
WelcomeBackKudosCoachmarkImpression,1660590149
WelcomeBackKudosCoachmarkImpression,1660680370
WelcomeBackKudosCoachmarkImpression,1660680544
WelcomeBackKudosCoachmarkImpression,1660722433
WelcomeBackKudosCoachmarkImpression,1660799632
WelcomeBackKudosCoachmarkImpression,1660799641
WelcomeBackKudosCoachmarkImpression,1660943303
WelcomeBackKudosCoachmarkImpression,1661094637
WelcomeBackKudosCoachmarkImpression,1662815535
WelcomeBackKudosCoachmarkImpression,1665313232
WelcomeBackKudosCoachmarkImpression,1665313448
WelcomeBackKudosCoachmarkImpression,1665328100
RouteFromActivityMoreOptionsButtonCoachmark,1650704215
RouteFromActivitySaveButtonCoachmark,1651384279
MapVisibilitySettingCogCoachmark,1650726535
MapVisibilityNewLabelCoachmark,1655881335
MapVisibilitySettingRowCoachmark,1655881337
Map3dEducationVisibility,1650697814
RouteLongPressCoachmark,1661609376
WinbackNotificationSeen,1665110565
MentionsSettingCogCoachmark,1653452664
MentionsNewLabelCoachmark,1655881335
MentionsSettingRowCoachmark,1655881337
DirtSportsSportPicker,1658776039
DirtSportsSportPicker,1662494835
MapsTabDirtSports,1655724445
Tdf2022FeedFollow,1655951649
Tdf2022FeedFollow,1655951844
Tdf2022FeedFollow,1655952030
Tdf2022FeedFollow,1656404686
Tdf2022FeedFollow,1656527097
Tdf2022FeedFollow,1656643101
Tdf2022FeedFollow,1656830336
Tdf2022FeedFollow,1656837807
Tdf2022FeedFollow,1657074461
Tdf2022FeedFollow,1657076372
Tdf2022FeedFollow,1657464625
Tdf2022FeedFollow,1657465076
Tdf2022FeedFollow,1657689948
Tdf2022FeedFollow,1657698990
Tdf2022FeedFollow,1657867233
Tdf2022FeedFollow,1657873822
Tdf2022FeedFollow,1658040925
Tdf2022FeedFollow,1658465175
Tdf2022FeedFollow,1658469330
OfflineMapsFirstTimeExperience,1661609376
VideoNotificationMonthlySoftLimit,1665930652
VideoNotificationMonthlySoftLimit,1668951772
VideoNotificationHardLimit,1665930652
VideoNotificationHardLimit,1668951772
FollowingFeedDoradoCooldown,1659250300
FollowingFeedDoradoCooldown,1659381603
FollowingFeedDoradoCooldown,1659420669
FollowingFeedDoradoCooldown,1659507322
FollowingFeedDoradoCooldown,1659681204
FollowingFeedDoradoCooldown,1659787751
FollowingFeedDoradoCooldown,1659822248
FollowingFeedDoradoCooldown,1659863864
FollowingFeedDoradoCooldown,1659879478
FollowingFeedDoradoCooldown,1659960250
FollowingFeedDoradoCooldown,1660022071
FollowingFeedDoradoCooldown,1660163342
FollowingFeedDoradoCooldown,1660242440
FollowingFeedDoradoCooldown,1660482952
FollowingFeedDoradoCooldown,1660587900
FollowingFeedDoradoCooldown,1660680369
FollowingFeedDoradoCooldown,1660722431
FollowingFeedDoradoCooldown,1660799631
FollowingFeedDoradoCooldown,1660943302
FollowingFeedDoradoCooldown,1661018936
FollowingFeedDoradoCooldown,1661079945
FollowingFeedDoradoCooldown,1661094213
FollowingFeedDoradoCooldown,1661112930
FollowingFeedDoradoCooldown,1661197730
FollowingFeedDoradoCooldown,1661231929
FollowingFeedDoradoCooldown,1661283454
FollowingFeedDoradoCooldown,1661462041
FollowingFeedDoradoCooldown,1661609348
FollowingFeedDoradoCooldown,1661676881
FollowingFeedDoradoCooldown,1661709895
FollowingFeedDoradoCooldown,1661756600
FollowingFeedDoradoCooldown,1661794121
FollowingFeedDoradoCooldown,1661847369
FollowingFeedDoradoCooldown,1661861954
FollowingFeedDoradoCooldown,1661956258
FollowingFeedDoradoCooldown,1662015500
FollowingFeedDoradoCooldown,1662096304
FollowingFeedDoradoCooldown,1662212519
FollowingFeedDoradoCooldown,1662282841
FollowingFeedDoradoCooldown,1662366262
FollowingFeedDoradoCooldown,1662491944
FollowingFeedDoradoCooldown,1662578276
FollowingFeedDoradoCooldown,1662814850
FollowingFeedDoradoCooldown,1662924430
FollowingFeedDoradoCooldown,1663011683
FollowingFeedDoradoCooldown,1663099637
FollowingFeedDoradoCooldown,1663611355
FollowingFeedDoradoCooldown,1663700602
FollowingFeedDoradoCooldown,1663787044
FollowingFeedDoradoCooldown,1663824840
FollowingFeedDoradoCooldown,1663873398
FollowingFeedDoradoCooldown,1664003397
FollowingFeedDoradoCooldown,1664089846
FollowingFeedDoradoCooldown,1664106222
FollowingFeedDoradoCooldown,1664208706
FollowingFeedDoradoCooldown,1664256225
FollowingFeedDoradoCooldown,1664303031
FollowingFeedDoradoCooldown,1664341625
FollowingFeedDoradoCooldown,1664372142
FollowingFeedDoradoCooldown,1664428802
FollowingFeedDoradoCooldown,1664475532
FollowingFeedDoradoCooldown,1664515967
FollowingFeedDoradoCooldown,1664564992
FollowingFeedDoradoCooldown,1664608223
FollowingFeedDoradoCooldown,1664692836
FollowingFeedDoradoCooldown,1664708225
FollowingFeedDoradoCooldown,1664819696
FollowingFeedDoradoCooldown,1664954781
FollowingFeedDoradoCooldown,1665004610
FollowingFeedDoradoCooldown,1665032971
FollowingFeedDoradoCooldown,1665067220
FollowingFeedDoradoCooldown,1665080103
FollowingFeedDoradoCooldown,1665094882
FollowingFeedDoradoCooldown,1665120100
FollowingFeedDoradoCooldown,1665132875
FollowingFeedDoradoCooldown,1665171607
FollowingFeedDoradoCooldown,1665218078
FollowingFeedDoradoCooldown,1665313230
FollowingFeedDoradoCooldown,1665328099
FollowingFeedDoradoCooldown,1665341973
FollowingFeedDoradoCooldown,1665428461
FollowingFeedDoradoCooldown,1665551504
FollowingFeedDoradoCooldown,1665571145
FollowingFeedDoradoCooldown,1665603278
FollowingFeedDoradoCooldown,1665689101
CommentNotificationCoachmark,1660163350
FollowModeCoachmark,1666244836
UtmbActivitySuggestion,1661462042
UtmbActivitySuggestion,1661609350
UtmbActivitySuggestion,1661676882
UtmbActivitySuggestion,1661681456
UtmbActivitySuggestion,1661709897
UtmbActivitySuggestion,1661709902
UtmbActivitySuggestion,1661794123
NycmActivitySuggestion,1667933214
WebMediaUploaderFeatureEd2,1670359624
WebMediaUploaderFeatureEd2,1670582703
WebMediaUploaderFeatureEd2,1670582765
