Photo Filename,Photo Caption
photos/f0bf16aa-7a18-40eb-b3a0-b02f9fe0f078.jpg,""
photos/d4fb0fdb-fe56-49fe-ae3f-f0bca7759cad.jpg,""
photos/003211bc-1fdc-43c5-9963-856b270a3ce4.jpg,""
photos/b1a8ef78-9312-4831-8e98-7e540322538b.jpg,""
photos/f43449b7-79f0-4261-bf66-d3ef33d1a521.jpg,""
photos/e23d5f52-922b-49c0-9719-0b6573ad6992.mp4,""
photos/bdda0608-6c37-41f8-854f-62acc8012c79.jpg,""
photos/95287394-774c-480d-8a55-c9d1008fbf0a.jpg,""
photos/3c261862-7157-4ffb-8dca-c6b3fb9ee928.jpg,""
photos/ed1f3ec8-88a8-4eee-bf6f-fc2fc0d6f1c7.jpg,""
photos/49c5ab50-8d8e-4aca-97df-1d0efff6f0e6.jpg,""
photos/6a74195a-dc76-4c2a-8be9-833de860221f.jpg,""
photos/25d40855-e8df-4450-9bb2-937ded8dec21.jpg,""
photos/3f8e72c7-8be5-4863-b6c2-8d6dcf16c82d.jpg,""
photos/0dcebe5b-d6ed-4f73-afce-2f89b90aab5a.jpg,""
photos/cfbc285e-e9a9-4c59-bde9-d7aa7ba6f85d.jpg,""
photos/124565d9-6501-4152-970a-3215f2952727.jpg,""
photos/f6c299e0-63cb-4e2c-a0f6-0ae0960eb367.jpg,""
photos/d4b225ec-3403-4aef-a235-7ff58be23377.jpg,""
photos/68125cec-4722-465a-86d0-d36268be6cf8.jpg,""
photos/d7cf09f1-dcf5-4b0d-9503-caa1b09ffa96.jpg,""
photos/bf0ae0f9-8160-4df6-ba03-13de3d4ab0bd.jpg,""
photos/f23c7633-1eeb-419d-ab8c-99393ab09181.jpg,""
photos/e2a92dbd-d87d-4e1b-a8c5-f0a3c71bfc32.jpg,""
photos/2d38a458-68a5-4751-b37c-2d15d49b6ef1.jpg,""
photos/a3048430-b7fa-4aba-8548-e01a5b2ab417.jpg,""
photos/68d56957-3e53-4199-9486-7357c0d9fa32.jpg,""
photos/352cab52-8fc6-409a-89d6-1c7651bafe38.jpg,""
photos/8609d0bd-1b7d-499a-86f3-ce518e39826c.jpg,""
photos/482a2d5e-2691-4d4d-9147-2ffcc1c5620b.jpg,""
photos/18e9bdfb-c064-4585-9c9e-7c82293a4ddc.jpg,""
photos/3cf6ae4f-e1d7-4612-9b61-40730059eb3c.jpg,""
photos/e77dddef-cf67-401d-974e-fc786aea5b7e.jpg,""
photos/5aa97b29-a713-4c1a-a7d5-a2b09d44805c.jpg,""
photos/b40ffb66-1883-444b-80af-0b10ff455d27.jpg,""
photos/a6611ea2-5178-47ba-963a-e44cde7df405.jpg,""
photos/00c6e24c-22f1-4473-90de-2e827e36b423.jpg,""
photos/9b937ea5-60d6-47c2-8bc0-b68c84d5f14a.jpg,""
photos/07501625-efda-4798-b35d-41aafe64c0ff.jpg,""
photos/7a4a75cd-ac21-47b3-9276-ee2f36872c6d.jpg,""
photos/d89bffe6-4e5c-4a0a-85ee-6cd7b8710a0e.jpg,""
photos/05727f8a-5393-4e89-9972-0b0ca38bc326.jpg,""
photos/2033e4f5-bc53-47b3-a8f2-40dfa7d4a760.jpg,""
photos/fa928614-0252-4e7d-9c83-b8b3bbbe99c1.jpg,""
photos/f71d8a05-e10a-4e9a-a16e-fb5439e37ad5.jpg,""
photos/b95bae5d-6cfc-4061-935a-be884b972a80.jpg,""
photos/2c04c613-6831-49e9-906b-11cdd8643559.jpg,""
photos/ea0fa42f-b217-4b6d-ae7a-78f5be1369a9.jpg,""
photos/b8051516-dc5d-48ed-a99e-f36ca0672448.jpg,""
photos/95f92b6b-347a-4e96-a4db-9bd3ff47049c.jpg,""
