Reaction Date,Reaction Type,Parent Type,Parent ID
"May 22, 2022, 6:50:38 AM",Kudos,Activity,7176996010
"Jun 30, 2022, 6:39:15 AM",Kudos,Activity,7391033025
"Aug 28, 2022, 8:55:10 AM",Kudos,Activity,7712769930
"Sep 5, 2022, 8:24:29 AM",Kudos,Activity,7751494865
"Sep 5, 2022, 8:24:31 AM",Kudos,Activity,7751807888
"Sep 12, 2022, 7:43:47 PM",Kudos,Activity,7788344091
"Oct 7, 2022, 5:22:01 AM",Kudos,Activity,7923610762
"Oct 7, 2022, 5:22:07 AM",Kudos,Activity,7923610799
"Oct 7, 2022, 5:22:11 AM",Kudos,Activity,7923610791
"Oct 9, 2022, 3:09:04 PM",Kudos,Activity,7931454276
"Oct 12, 2022, 5:11:52 AM",Kudos,Activity,7944376578
"Oct 12, 2022, 10:39:15 AM",Kudos,Activity,7950507278
"Oct 12, 2022, 10:39:21 AM",Kudos,Activity,7950157569
"Oct 16, 2022, 2:41:24 PM",Kudos,Activity,7969945446
"Oct 19, 2022, 8:21:08 PM",Kudos,Activity,7988983844
"Oct 22, 2022, 8:27:01 PM",Kudos,Activity,8000788315
"Oct 23, 2022, 7:12:16 AM",Kudos,Activity,8005137080
"Oct 24, 2022, 12:46:38 PM",Kudos,Activity,8011170481
"Oct 24, 2022, 12:46:47 PM",Kudos,Activity,8005258530
"Nov 6, 2022, 5:40:09 PM",Kudos,Activity,8076731504
"Nov 12, 2022, 7:31:40 AM",Kudos,Activity,8104715643
"Nov 17, 2022, 4:57:39 PM",Kudos,Activity,8129696989
"Nov 18, 2022, 10:37:11 AM",Kudos,Activity,8134035637
"Nov 20, 2022, 2:21:28 PM",Kudos,Activity,8142875871
"Nov 20, 2022, 5:06:09 PM",Kudos,Activity,8142577135
